TmMin	IdleSz	NeedChgQSz	mssnQSz	NumChg	V0	V1	V2	V3	V4	V5	V6	V7	V8	V9	V10	V11	V12	V13	V14	V15	V16	V17	V18	V19
0	20	0	0	3	IDLE-ALPHA	IDLE-ALPHA	IDLE-ALPHA	IDLE-ALPHA	IDLE-ALPHA	IDLE-BRAVO	IDLE-BRAVO	IDLE-BRAVO	IDLE-BRAVO	IDLE-CHARLIE	IDLE-CHARLIE	IDLE-CHARLIE	IDLE-CHARLIE	IDLE-CHARLIE	IDLE-DELTA	IDLE-DELTA	IDLE-ECHO	IDLE-ECHO	IDLE-ECHO	IDLE-ECHO	
0	19	0	0	3	IDLE-ALPHA	IDLE-ALPHA	IDLE-ALPHA	IDLE-ALPHA	IDLE-ALPHA	IDLE-BRAVO	IDLE-BRAVO	IDLE-BRAVO	IDLE-BRAVO	IDLE-CHARLIE	IDLE-CHARLIE	IDLE-CHARLIE	IDLE-CHARLIE	IDLE-CHARLIE	IN_FLIGHT-1-0	IDLE-DELTA	IDLE-ECHO	IDLE-ECHO	IDLE-ECHO	IDLE-ECHO	
1	18	0	0	3	IDLE-ALPHA	IDLE-ALPHA	IDLE-ALPHA	IDLE-ALPHA	IDLE-ALPHA	IDLE-BRAVO	IDLE-BRAVO	IDLE-BRAVO	IDLE-BRAVO	IN_FLIGHT-2-0	IDLE-CHARLIE	IDLE-CHARLIE	IDLE-CHARLIE	IDLE-CHARLIE	IN_FLIGHT-1-1	IDLE-DELTA	IDLE-ECHO	IDLE-ECHO	IDLE-ECHO	IDLE-ECHO	
2	17	0	0	3	IN_FLIGHT-3-0	IDLE-ALPHA	IDLE-ALPHA	IDLE-ALPHA	IDLE-ALPHA	IDLE-BRAVO	IDLE-BRAVO	IDLE-BRAVO	IDLE-BRAVO	IN_FLIGHT-2-1	IDLE-CHARLIE	IDLE-CHARLIE	IDLE-CHARLIE	IDLE-CHARLIE	IN_FLIGHT-1-2	IDLE-DELTA	IDLE-ECHO	IDLE-ECHO	IDLE-ECHO	IDLE-ECHO	
3	16	0	0	3	IN_FLIGHT-3-1	IDLE-ALPHA	IDLE-ALPHA	IDLE-ALPHA	IDLE-ALPHA	IDLE-BRAVO	IDLE-BRAVO	IDLE-BRAVO	IDLE-BRAVO	IN_FLIGHT-2-2	IDLE-CHARLIE	IDLE-CHARLIE	IDLE-CHARLIE	IDLE-CHARLIE	IN_FLIGHT-1-3	IDLE-DELTA	IDLE-ECHO	IN_FLIGHT-1-0	IDLE-ECHO	IDLE-ECHO	
4	15	0	0	3	IN_FLIGHT-3-2	IDLE-ALPHA	IDLE-ALPHA	IDLE-ALPHA	IDLE-ALPHA	IN_FLIGHT-4-0	IDLE-BRAVO	IDLE-BRAVO	IDLE-BRAVO	IN_FLIGHT-2-3	IDLE-CHARLIE	IDLE-CHARLIE	IDLE-CHARLIE	IDLE-CHARLIE	IN_FLIGHT-1-4	IDLE-DELTA	IDLE-ECHO	IN_FLIGHT-1-1	IDLE-ECHO	IDLE-ECHO	
5	14	0	0	3	IN_FLIGHT-3-3	IDLE-ALPHA	IDLE-ALPHA	IDLE-ALPHA	IDLE-ALPHA	IN_FLIGHT-4-1	IDLE-BRAVO	IDLE-BRAVO	IDLE-BRAVO	IN_FLIGHT-2-4	IDLE-CHARLIE	IDLE-CHARLIE	IDLE-CHARLIE	IDLE-CHARLIE	IN_FLIGHT-1-5	IDLE-DELTA	IDLE-ECHO	IN_FLIGHT-1-2	IDLE-ECHO	IN_FLIGHT-1-0	
6	13	0	0	3	IN_FLIGHT-3-4	IDLE-ALPHA	IDLE-ALPHA	IDLE-ALPHA	IDLE-ALPHA	IN_FLIGHT-4-2	IDLE-BRAVO	IDLE-BRAVO	IDLE-BRAVO	IN_FLIGHT-2-5	IDLE-CHARLIE	IDLE-CHARLIE	IN_FLIGHT-2-0	IDLE-CHARLIE	IN_FLIGHT-1-6	IDLE-DELTA	IDLE-ECHO	IN_FLIGHT-1-3	IDLE-ECHO	IN_FLIGHT-1-1	
7	12	0	0	3	IN_FLIGHT-3-5	IDLE-ALPHA	IDLE-ALPHA	IDLE-ALPHA	IDLE-ALPHA	IN_FLIGHT-4-3	IDLE-BRAVO	IDLE-BRAVO	IDLE-BRAVO	IN_FLIGHT-2-6	IDLE-CHARLIE	IDLE-CHARLIE	IN_FLIGHT-2-1	IDLE-CHARLIE	IN_FLIGHT-1-7	IDLE-DELTA	IDLE-ECHO	IN_FLIGHT-1-4	IN_FLIGHT-1-0	IN_FLIGHT-1-2	
8	11	0	0	3	IN_FLIGHT-3-6	IDLE-ALPHA	IDLE-ALPHA	IDLE-ALPHA	IDLE-ALPHA	IN_FLIGHT-4-4	IDLE-BRAVO	IDLE-BRAVO	IDLE-BRAVO	IN_FLIGHT-2-7	IDLE-CHARLIE	IDLE-CHARLIE	IN_FLIGHT-2-2	IDLE-CHARLIE	IN_FLIGHT-1-8	IDLE-DELTA	IN_FLIGHT-1-0	IN_FLIGHT-1-5	IN_FLIGHT-1-1	IN_FLIGHT-1-3	
9	10	0	0	3	IN_FLIGHT-3-7	IDLE-ALPHA	IDLE-ALPHA	IDLE-ALPHA	IDLE-ALPHA	IN_FLIGHT-4-5	IN_FLIGHT-4-0	IDLE-BRAVO	IDLE-BRAVO	IN_FLIGHT-2-8	IDLE-CHARLIE	IDLE-CHARLIE	IN_FLIGHT-2-3	IDLE-CHARLIE	IN_FLIGHT-1-9	IDLE-DELTA	IN_FLIGHT-1-1	IN_FLIGHT-1-6	IN_FLIGHT-1-2	IN_FLIGHT-1-4	
10	9	0	0	3	IN_FLIGHT-3-8	IN_FLIGHT-3-0	IDLE-ALPHA	IDLE-ALPHA	IDLE-ALPHA	IN_FLIGHT-4-6	IN_FLIGHT-4-1	IDLE-BRAVO	IDLE-BRAVO	IN_FLIGHT-2-9	IDLE-CHARLIE	IDLE-CHARLIE	IN_FLIGHT-2-4	IDLE-CHARLIE	IN_FLIGHT-1-10	IDLE-DELTA	IN_FLIGHT-1-2	IN_FLIGHT-1-7	IN_FLIGHT-1-3	IN_FLIGHT-1-5	
11	8	0	0	3	IN_FLIGHT-3-9	IN_FLIGHT-3-1	IDLE-ALPHA	IDLE-ALPHA	IDLE-ALPHA	IN_FLIGHT-4-7	IN_FLIGHT-4-2	IN_FLIGHT-4-0	IDLE-BRAVO	IN_FLIGHT-2-10	IDLE-CHARLIE	IDLE-CHARLIE	IN_FLIGHT-2-5	IDLE-CHARLIE	IN_FLIGHT-1-11	IDLE-DELTA	IN_FLIGHT-1-3	IN_FLIGHT-1-8	IN_FLIGHT-1-4	IN_FLIGHT-1-6	
12	7	0	0	3	IN_FLIGHT-3-10	IN_FLIGHT-3-2	IN_FLIGHT-3-0	IDLE-ALPHA	IDLE-ALPHA	IN_FLIGHT-4-8	IN_FLIGHT-4-3	IN_FLIGHT-4-1	IDLE-BRAVO	IN_FLIGHT-2-11	IDLE-CHARLIE	IDLE-CHARLIE	IN_FLIGHT-2-6	IDLE-CHARLIE	IN_FLIGHT-1-12	IDLE-DELTA	IN_FLIGHT-1-4	IN_FLIGHT-1-9	IN_FLIGHT-1-5	IN_FLIGHT-1-7	
13	6	0	0	3	IN_FLIGHT-3-11	IN_FLIGHT-3-3	IN_FLIGHT-3-1	IDLE-ALPHA	IDLE-ALPHA	IN_FLIGHT-4-9	IN_FLIGHT-4-4	IN_FLIGHT-4-2	IDLE-BRAVO	IN_FLIGHT-2-12	IDLE-CHARLIE	IDLE-CHARLIE	IN_FLIGHT-2-7	IN_FLIGHT-2-0	IN_FLIGHT-1-13	IDLE-DELTA	IN_FLIGHT-1-5	IN_FLIGHT-1-10	IN_FLIGHT-1-6	IN_FLIGHT-1-8	
14	5	0	0	3	IN_FLIGHT-3-12	IN_FLIGHT-3-4	IN_FLIGHT-3-2	IDLE-ALPHA	IDLE-ALPHA	IN_FLIGHT-4-10	IN_FLIGHT-4-5	IN_FLIGHT-4-3	IDLE-BRAVO	IN_FLIGHT-2-13	IDLE-CHARLIE	IN_FLIGHT-2-0	IN_FLIGHT-2-8	IN_FLIGHT-2-1	IN_FLIGHT-1-14	IDLE-DELTA	IN_FLIGHT-1-6	IN_FLIGHT-1-11	IN_FLIGHT-1-7	IN_FLIGHT-1-9	
15	4	0	0	3	IN_FLIGHT-3-13	IN_FLIGHT-3-5	IN_FLIGHT-3-3	IDLE-ALPHA	IDLE-ALPHA	IN_FLIGHT-4-11	IN_FLIGHT-4-6	IN_FLIGHT-4-4	IDLE-BRAVO	IN_FLIGHT-2-14	IDLE-CHARLIE	IN_FLIGHT-2-1	IN_FLIGHT-2-9	IN_FLIGHT-2-2	IN_FLIGHT-1-15	IN_FLIGHT-1-0	IN_FLIGHT-1-7	IN_FLIGHT-1-12	IN_FLIGHT-1-8	IN_FLIGHT-1-10	
16	3	0	0	3	IN_FLIGHT-3-14	IN_FLIGHT-3-6	IN_FLIGHT-3-4	IN_FLIGHT-3-0	IDLE-ALPHA	IN_FLIGHT-4-12	IN_FLIGHT-4-7	IN_FLIGHT-4-5	IDLE-BRAVO	IN_FLIGHT-2-15	IDLE-CHARLIE	IN_FLIGHT-2-2	IN_FLIGHT-2-10	IN_FLIGHT-2-3	IN_FLIGHT-1-16	IN_FLIGHT-1-1	IN_FLIGHT-1-8	IN_FLIGHT-1-13	IN_FLIGHT-1-9	IN_FLIGHT-1-11	
17	2	0	0	3	IN_FLIGHT-3-15	IN_FLIGHT-3-7	IN_FLIGHT-3-5	IN_FLIGHT-3-1	IDLE-ALPHA	IN_FLIGHT-4-13	IN_FLIGHT-4-8	IN_FLIGHT-4-6	IN_FLIGHT-4-0	IN_FLIGHT-2-16	IDLE-CHARLIE	IN_FLIGHT-2-3	IN_FLIGHT-2-11	IN_FLIGHT-2-4	IN_FLIGHT-1-17	IN_FLIGHT-1-2	IN_FLIGHT-1-9	IN_FLIGHT-1-14	IN_FLIGHT-1-10	IN_FLIGHT-1-12	
18	1	0	0	3	IN_FLIGHT-3-16	IN_FLIGHT-3-8	IN_FLIGHT-3-6	IN_FLIGHT-3-2	IDLE-ALPHA	IN_FLIGHT-4-14	IN_FLIGHT-4-9	IN_FLIGHT-4-7	IN_FLIGHT-4-1	IN_FLIGHT-2-17	IN_FLIGHT-1-0	IN_FLIGHT-2-4	IN_FLIGHT-2-12	IN_FLIGHT-2-5	IN_FLIGHT-1-18	IN_FLIGHT-1-3	IN_FLIGHT-1-10	IN_FLIGHT-1-15	IN_FLIGHT-1-11	IN_FLIGHT-1-13	
19	0	0	0	3	IN_FLIGHT-3-17	IN_FLIGHT-3-9	IN_FLIGHT-3-7	IN_FLIGHT-3-3	IN_FLIGHT-1-0	IN_FLIGHT-4-15	IN_FLIGHT-4-10	IN_FLIGHT-4-8	IN_FLIGHT-4-2	IN_FLIGHT-2-18	IN_FLIGHT-1-1	IN_FLIGHT-2-5	IN_FLIGHT-2-13	IN_FLIGHT-2-6	IN_FLIGHT-1-19	IN_FLIGHT-1-4	IN_FLIGHT-1-11	IN_FLIGHT-1-16	IN_FLIGHT-1-12	IN_FLIGHT-1-14	
20	0	0	1	3	IN_FLIGHT-3-18	IN_FLIGHT-3-10	IN_FLIGHT-3-8	IN_FLIGHT-3-4	IN_FLIGHT-1-1	IN_FLIGHT-4-16	IN_FLIGHT-4-11	IN_FLIGHT-4-9	IN_FLIGHT-4-3	IN_FLIGHT-2-19	IN_FLIGHT-1-2	IN_FLIGHT-2-6	IN_FLIGHT-2-14	IN_FLIGHT-2-7	IN_FLIGHT-1-20	IN_FLIGHT-1-5	IN_FLIGHT-1-12	IN_FLIGHT-1-17	IN_FLIGHT-1-13	IN_FLIGHT-1-15	
21	0	0	2	3	IN_FLIGHT-3-19	IN_FLIGHT-3-11	IN_FLIGHT-3-9	IN_FLIGHT-3-5	IN_FLIGHT-1-2	IN_FLIGHT-4-17	IN_FLIGHT-4-12	IN_FLIGHT-4-10	IN_FLIGHT-4-4	IN_FLIGHT-2-20	IN_FLIGHT-1-3	IN_FLIGHT-2-7	IN_FLIGHT-2-15	IN_FLIGHT-2-8	IN_FLIGHT-1-21	IN_FLIGHT-1-6	IN_FLIGHT-1-13	IN_FLIGHT-1-18	IN_FLIGHT-1-14	IN_FLIGHT-1-16	
22	0	0	3	3	IN_FLIGHT-3-20	IN_FLIGHT-3-12	IN_FLIGHT-3-10	IN_FLIGHT-3-6	IN_FLIGHT-1-3	IN_FLIGHT-4-18	IN_FLIGHT-4-13	IN_FLIGHT-4-11	IN_FLIGHT-4-5	IN_FLIGHT-2-21	IN_FLIGHT-1-4	IN_FLIGHT-2-8	IN_FLIGHT-2-16	IN_FLIGHT-2-9	IN_FLIGHT-1-22	IN_FLIGHT-1-7	IN_FLIGHT-1-14	IN_FLIGHT-1-19	IN_FLIGHT-1-15	IN_FLIGHT-1-17	
23	0	0	4	3	IN_FLIGHT-3-21	IN_FLIGHT-3-13	IN_FLIGHT-3-11	IN_FLIGHT-3-7	IN_FLIGHT-1-4	IN_FLIGHT-4-19	IN_FLIGHT-4-14	IN_FLIGHT-4-12	IN_FLIGHT-4-6	IN_FLIGHT-2-22	IN_FLIGHT-1-5	IN_FLIGHT-2-9	IN_FLIGHT-2-17	IN_FLIGHT-2-10	IN_FLIGHT-1-23	IN_FLIGHT-1-8	IN_FLIGHT-1-15	IN_FLIGHT-1-20	IN_FLIGHT-1-16	IN_FLIGHT-1-18	
24	0	0	5	3	IN_FLIGHT-3-22	IN_FLIGHT-3-14	IN_FLIGHT-3-12	IN_FLIGHT-3-8	IN_FLIGHT-1-5	IN_FLIGHT-4-20	IN_FLIGHT-4-15	IN_FLIGHT-4-13	IN_FLIGHT-4-7	IN_FLIGHT-2-23	IN_FLIGHT-1-6	IN_FLIGHT-2-10	IN_FLIGHT-2-18	IN_FLIGHT-2-11	IN_FLIGHT-1-24	IN_FLIGHT-1-9	IN_FLIGHT-1-16	IN_FLIGHT-1-21	IN_FLIGHT-1-17	IN_FLIGHT-1-19	
25	0	0	6	3	IN_FLIGHT-3-23	IN_FLIGHT-3-15	IN_FLIGHT-3-13	IN_FLIGHT-3-9	IN_FLIGHT-1-6	IN_FLIGHT-4-21	IN_FLIGHT-4-16	IN_FLIGHT-4-14	IN_FLIGHT-4-8	IN_FLIGHT-2-24	IN_FLIGHT-1-7	IN_FLIGHT-2-11	IN_FLIGHT-2-19	IN_FLIGHT-2-12	IN_FLIGHT-1-25	IN_FLIGHT-1-10	IN_FLIGHT-1-17	IN_FLIGHT-1-22	IN_FLIGHT-1-18	IN_FLIGHT-1-20	
26	0	0	7	3	IN_FLIGHT-3-24	IN_FLIGHT-3-16	IN_FLIGHT-3-14	IN_FLIGHT-3-10	IN_FLIGHT-1-7	IN_FLIGHT-4-22	IN_FLIGHT-4-17	IN_FLIGHT-4-15	IN_FLIGHT-4-9	IN_FLIGHT-2-25	IN_FLIGHT-1-8	IN_FLIGHT-2-12	IN_FLIGHT-2-20	IN_FLIGHT-2-13	IN_FLIGHT-1-26	IN_FLIGHT-1-11	IN_FLIGHT-1-18	IN_FLIGHT-1-23	IN_FLIGHT-1-19	IN_FLIGHT-1-21	
27	0	0	8	3	IN_FLIGHT-3-25	IN_FLIGHT-3-17	IN_FLIGHT-3-15	IN_FLIGHT-3-11	IN_FLIGHT-1-8	IN_FLIGHT-4-23	IN_FLIGHT-4-18	IN_FLIGHT-4-16	IN_FLIGHT-4-10	IN_FLIGHT-2-26	IN_FLIGHT-1-9	IN_FLIGHT-2-13	IN_FLIGHT-2-21	IN_FLIGHT-2-14	IN_FLIGHT-1-27	IN_FLIGHT-1-12	IN_FLIGHT-1-19	IN_FLIGHT-1-24	IN_FLIGHT-1-20	IN_FLIGHT-1-22	
28	0	0	9	3	IN_FLIGHT-3-26	IN_FLIGHT-3-18	IN_FLIGHT-3-16	IN_FLIGHT-3-12	IN_FLIGHT-1-9	IN_FLIGHT-4-24	IN_FLIGHT-4-19	IN_FLIGHT-4-17	IN_FLIGHT-4-11	IN_FLIGHT-2-27	IN_FLIGHT-1-10	IN_FLIGHT-2-14	IN_FLIGHT-2-22	IN_FLIGHT-2-15	IN_FLIGHT-1-28	IN_FLIGHT-1-13	IN_FLIGHT-1-20	IN_FLIGHT-1-25	IN_FLIGHT-1-21	IN_FLIGHT-1-23	
29	0	0	10	3	IN_FLIGHT-3-27	IN_FLIGHT-3-19	IN_FLIGHT-3-17	IN_FLIGHT-3-13	IN_FLIGHT-1-10	IN_FLIGHT-4-25	IN_FLIGHT-4-20	IN_FLIGHT-4-18	IN_FLIGHT-4-12	IN_FLIGHT-2-28	IN_FLIGHT-1-11	IN_FLIGHT-2-15	IN_FLIGHT-2-23	IN_FLIGHT-2-16	IN_FLIGHT-1-29	IN_FLIGHT-1-14	IN_FLIGHT-1-21	IN_FLIGHT-1-26	IN_FLIGHT-1-22	IN_FLIGHT-1-24	
30	0	0	11	3	IN_FLIGHT-3-28	IN_FLIGHT-3-20	IN_FLIGHT-3-18	IN_FLIGHT-3-14	IN_FLIGHT-1-11	IN_FLIGHT-4-26	IN_FLIGHT-4-21	IN_FLIGHT-4-19	IN_FLIGHT-4-13	IN_FLIGHT-2-29	IN_FLIGHT-1-12	IN_FLIGHT-2-16	IN_FLIGHT-2-24	IN_FLIGHT-2-17	IN_FLIGHT-1-30	IN_FLIGHT-1-15	IN_FLIGHT-1-22	IN_FLIGHT-1-27	IN_FLIGHT-1-23	IN_FLIGHT-1-25	
31	0	0	12	3	IN_FLIGHT-3-29	IN_FLIGHT-3-21	IN_FLIGHT-3-19	IN_FLIGHT-3-15	IN_FLIGHT-1-12	IN_FLIGHT-4-27	IN_FLIGHT-4-22	IN_FLIGHT-4-20	IN_FLIGHT-4-14	IN_FLIGHT-2-30	IN_FLIGHT-1-13	IN_FLIGHT-2-17	IN_FLIGHT-2-25	IN_FLIGHT-2-18	IN_FLIGHT-1-31	IN_FLIGHT-1-16	IN_FLIGHT-1-23	IN_FLIGHT-1-28	IN_FLIGHT-1-24	IN_FLIGHT-1-26	
32	0	0	13	3	IN_FLIGHT-3-30	IN_FLIGHT-3-22	IN_FLIGHT-3-20	IN_FLIGHT-3-16	IN_FLIGHT-1-13	IN_FLIGHT-4-28	IN_FLIGHT-4-23	IN_FLIGHT-4-21	IN_FLIGHT-4-15	IN_FLIGHT-2-31	IN_FLIGHT-1-14	IN_FLIGHT-2-18	IN_FLIGHT-2-26	IN_FLIGHT-2-19	IN_FLIGHT-1-32	IN_FLIGHT-1-17	IN_FLIGHT-1-24	IN_FLIGHT-1-29	IN_FLIGHT-1-25	IN_FLIGHT-1-27	
33	0	0	14	3	IN_FLIGHT-3-31	IN_FLIGHT-3-23	IN_FLIGHT-3-21	IN_FLIGHT-3-17	IN_FLIGHT-1-14	IN_FLIGHT-4-29	IN_FLIGHT-4-24	IN_FLIGHT-4-22	IN_FLIGHT-4-16	IN_FLIGHT-2-32	IN_FLIGHT-1-15	IN_FLIGHT-2-19	IN_FLIGHT-2-27	IN_FLIGHT-2-20	IN_FLIGHT-1-33	IN_FLIGHT-1-18	IN_FLIGHT-1-25	IN_FLIGHT-1-30	IN_FLIGHT-1-26	IN_FLIGHT-1-28	
34	0	0	15	3	IN_FLIGHT-3-32	IN_FLIGHT-3-24	IN_FLIGHT-3-22	IN_FLIGHT-3-18	IN_FLIGHT-1-15	IN_FLIGHT-4-30	IN_FLIGHT-4-25	IN_FLIGHT-4-23	IN_FLIGHT-4-17	IN_FLIGHT-2-33	IN_FLIGHT-1-16	IN_FLIGHT-2-20	IN_FLIGHT-2-28	IN_FLIGHT-2-21	IN_FLIGHT-1-34	IN_FLIGHT-1-19	IN_FLIGHT-1-26	IN_FLIGHT-1-31	IN_FLIGHT-1-27	IN_FLIGHT-1-29	
35	0	0	16	3	IN_FLIGHT-3-33	IN_FLIGHT-3-25	IN_FLIGHT-3-23	IN_FLIGHT-3-19	IN_FLIGHT-1-16	IN_FLIGHT-4-31	IN_FLIGHT-4-26	IN_FLIGHT-4-24	IN_FLIGHT-4-18	IN_FLIGHT-2-34	IN_FLIGHT-1-17	IN_FLIGHT-2-21	IN_FLIGHT-2-29	IN_FLIGHT-2-22	IN_FLIGHT-1-35	IN_FLIGHT-1-20	IN_FLIGHT-1-27	IN_FLIGHT-1-32	IN_FLIGHT-1-28	IN_FLIGHT-1-30	
36	0	0	17	3	IN_FLIGHT-3-34	IN_FLIGHT-3-26	IN_FLIGHT-3-24	IN_FLIGHT-3-20	IN_FLIGHT-1-17	IN_FLIGHT-4-32	IN_FLIGHT-4-27	IN_FLIGHT-4-25	IN_FLIGHT-4-19	IN_FLIGHT-2-35	IN_FLIGHT-1-18	IN_FLIGHT-2-22	IN_FLIGHT-2-30	IN_FLIGHT-2-23	IN_FLIGHT-1-36	IN_FLIGHT-1-21	IN_FLIGHT-1-28	IN_FLIGHT-1-33	IN_FLIGHT-1-29	IN_FLIGHT-1-31	
37	0	0	18	3	IN_FLIGHT-3-35	IN_FLIGHT-3-27	IN_FLIGHT-3-25	IN_FLIGHT-3-21	IN_FLIGHT-1-18	IN_FLIGHT-4-33	IN_FLIGHT-4-28	IN_FLIGHT-4-26	IN_FLIGHT-4-20	IN_FLIGHT-2-36	IN_FLIGHT-1-19	IN_FLIGHT-2-23	IN_FLIGHT-2-31	IN_FLIGHT-2-24	IN_FLIGHT-1-37	IN_FLIGHT-1-22	IN_FLIGHT-1-29	IN_FLIGHT-1-34	IN_FLIGHT-1-30	IN_FLIGHT-1-32	
38	0	0	19	2	IN_FLIGHT-3-36	IN_FLIGHT-3-28	IN_FLIGHT-3-26	IN_FLIGHT-3-22	IN_FLIGHT-1-19	IN_FLIGHT-4-34	IN_FLIGHT-4-29	IN_FLIGHT-4-27	IN_FLIGHT-4-21	IN_CHARGE-0	IN_FLIGHT-1-20	IN_FLIGHT-2-24	IN_FLIGHT-2-32	IN_FLIGHT-2-25	IN_FLIGHT-1-38	IN_FLIGHT-1-23	IN_FLIGHT-1-30	IN_FLIGHT-1-35	IN_FLIGHT-1-31	IN_FLIGHT-1-33	
39	0	0	20	2	IN_FLIGHT-3-37	IN_FLIGHT-3-29	IN_FLIGHT-3-27	IN_FLIGHT-3-23	IN_FLIGHT-1-20	IN_FLIGHT-4-35	IN_FLIGHT-4-30	IN_FLIGHT-4-28	IN_FLIGHT-4-22	IN_CHARGE-1	IN_FLIGHT-1-21	IN_FLIGHT-2-25	IN_FLIGHT-2-33	IN_FLIGHT-2-26	IN_FLIGHT-1-39	IN_FLIGHT-1-24	IN_FLIGHT-1-31	IN_FLIGHT-1-36	IN_FLIGHT-1-32	IN_FLIGHT-1-34	
40	0	0	20	2	IN_FLIGHT-3-38	IN_FLIGHT-3-30	IN_FLIGHT-3-28	IN_FLIGHT-3-24	IN_FLIGHT-1-21	IN_FLIGHT-4-36	IN_FLIGHT-4-31	IN_FLIGHT-4-29	IN_FLIGHT-4-23	IN_CHARGE-2	IN_FLIGHT-1-22	IN_FLIGHT-2-26	IN_FLIGHT-2-34	IN_FLIGHT-2-27	IN_FLIGHT-1-40	IN_FLIGHT-1-25	IN_FLIGHT-1-32	IN_FLIGHT-1-37	IN_FLIGHT-1-33	IN_FLIGHT-1-35	
41	0	0	20	2	IN_FLIGHT-3-39	IN_FLIGHT-3-31	IN_FLIGHT-3-29	IN_FLIGHT-3-25	IN_FLIGHT-1-22	IN_FLIGHT-4-37	IN_FLIGHT-4-32	IN_FLIGHT-4-30	IN_FLIGHT-4-24	IN_CHARGE-3	IN_FLIGHT-1-23	IN_FLIGHT-2-27	IN_FLIGHT-2-35	IN_FLIGHT-2-28	IN_FLIGHT-1-41	IN_FLIGHT-1-26	IN_FLIGHT-1-33	IN_FLIGHT-1-38	IN_FLIGHT-1-34	IN_FLIGHT-1-36	
42	0	0	20	2	IN_FLIGHT-3-40	IN_FLIGHT-3-32	IN_FLIGHT-3-30	IN_FLIGHT-3-26	IN_FLIGHT-1-23	IN_FLIGHT-4-38	IN_FLIGHT-4-33	IN_FLIGHT-4-31	IN_FLIGHT-4-25	IN_CHARGE-4	IN_FLIGHT-1-24	IN_FLIGHT-2-28	IN_FLIGHT-2-36	IN_FLIGHT-2-29	IN_FLIGHT-1-42	IN_FLIGHT-1-27	IN_FLIGHT-1-34	IN_FLIGHT-1-39	IN_FLIGHT-1-35	IN_FLIGHT-1-37	
43	0	0	20	0	IN_FLIGHT-3-41	IN_FLIGHT-3-33	IN_FLIGHT-3-31	IN_FLIGHT-3-27	IN_FLIGHT-1-24	IN_CHARGE-0	IN_FLIGHT-4-34	IN_FLIGHT-4-32	IN_FLIGHT-4-26	IN_CHARGE-5	IN_FLIGHT-1-25	IN_FLIGHT-2-29	IN_CHARGE-0	IN_FLIGHT-2-30	IN_FLIGHT-1-43	IN_FLIGHT-1-28	IN_FLIGHT-1-35	IN_FLIGHT-1-40	IN_FLIGHT-1-36	IN_FLIGHT-1-38	
44	0	0	20	0	IN_FLIGHT-3-42	IN_FLIGHT-3-34	IN_FLIGHT-3-32	IN_FLIGHT-3-28	IN_FLIGHT-1-25	IN_CHARGE-1	IN_FLIGHT-4-35	IN_FLIGHT-4-33	IN_FLIGHT-4-27	IN_CHARGE-6	IN_FLIGHT-1-26	IN_FLIGHT-2-30	IN_CHARGE-1	IN_FLIGHT-2-31	IN_FLIGHT-1-44	IN_FLIGHT-1-29	IN_FLIGHT-1-36	IN_FLIGHT-1-41	IN_FLIGHT-1-37	IN_FLIGHT-1-39	
45	0	0	20	0	IN_FLIGHT-3-43	IN_FLIGHT-3-35	IN_FLIGHT-3-33	IN_FLIGHT-3-29	IN_FLIGHT-1-26	IN_CHARGE-2	IN_FLIGHT-4-36	IN_FLIGHT-4-34	IN_FLIGHT-4-28	IN_CHARGE-7	IN_FLIGHT-1-27	IN_FLIGHT-2-31	IN_CHARGE-2	IN_FLIGHT-2-32	IN_FLIGHT-1-45	IN_FLIGHT-1-30	IN_FLIGHT-1-37	IN_FLIGHT-1-42	IN_FLIGHT-1-38	IN_FLIGHT-1-40	
46	0	0	20	0	IN_FLIGHT-3-44	IN_FLIGHT-3-36	IN_FLIGHT-3-34	IN_FLIGHT-3-30	IN_FLIGHT-1-27	IN_CHARGE-3	IN_FLIGHT-4-37	IN_FLIGHT-4-35	IN_FLIGHT-4-29	IN_CHARGE-8	IN_FLIGHT-1-28	IN_FLIGHT-2-32	IN_CHARGE-3	IN_FLIGHT-2-33	IN_FLIGHT-1-46	IN_FLIGHT-1-31	IN_FLIGHT-1-38	IN_FLIGHT-1-43	IN_FLIGHT-1-39	IN_FLIGHT-1-41	
47	0	0	20	0	IN_FLIGHT-3-45	IN_FLIGHT-3-37	IN_FLIGHT-3-35	IN_FLIGHT-3-31	IN_FLIGHT-1-28	IN_CHARGE-4	IN_FLIGHT-4-38	IN_FLIGHT-4-36	IN_FLIGHT-4-30	IN_CHARGE-9	IN_FLIGHT-1-29	IN_FLIGHT-2-33	IN_CHARGE-4	IN_FLIGHT-2-34	IN_FLIGHT-1-47	IN_FLIGHT-1-32	IN_FLIGHT-1-39	IN_FLIGHT-1-44	IN_FLIGHT-1-40	IN_FLIGHT-1-42	
48	0	1	20	0	IN_FLIGHT-3-46	IN_FLIGHT-3-38	IN_FLIGHT-3-36	IN_FLIGHT-3-32	IN_FLIGHT-1-29	IN_CHARGE-5	WAIT_CHARGE-BRAVO	IN_FLIGHT-4-37	IN_FLIGHT-4-31	IN_CHARGE-10	IN_FLIGHT-1-30	IN_FLIGHT-2-34	IN_CHARGE-5	IN_FLIGHT-2-35	IN_FLIGHT-1-48	IN_FLIGHT-1-33	IN_FLIGHT-1-40	IN_FLIGHT-1-45	IN_FLIGHT-1-41	IN_FLIGHT-1-43	
49	0	1	20	0	IN_FLIGHT-3-47	IN_FLIGHT-3-39	IN_FLIGHT-3-37	IN_FLIGHT-3-33	IN_FLIGHT-1-30	IN_CHARGE-6	WAIT_CHARGE-BRAVO	IN_FLIGHT-4-38	IN_FLIGHT-4-32	IN_CHARGE-11	IN_FLIGHT-1-31	IN_FLIGHT-2-35	IN_CHARGE-6	IN_FLIGHT-2-36	IN_FLIGHT-1-49	IN_FLIGHT-1-34	IN_FLIGHT-1-41	IN_FLIGHT-1-46	IN_FLIGHT-1-42	IN_FLIGHT-1-44	
50	0	3	20	0	IN_FLIGHT-3-48	IN_FLIGHT-3-40	IN_FLIGHT-3-38	IN_FLIGHT-3-34	IN_FLIGHT-1-31	IN_CHARGE-7	WAIT_CHARGE-BRAVO	WAIT_CHARGE-BRAVO	IN_FLIGHT-4-33	IN_CHARGE-12	IN_FLIGHT-1-32	IN_FLIGHT-2-36	IN_CHARGE-7	WAIT_CHARGE-CHARLIE	IN_FLIGHT-1-50	IN_FLIGHT-1-35	IN_FLIGHT-1-42	IN_FLIGHT-1-47	IN_FLIGHT-1-43	IN_FLIGHT-1-45	
51	0	4	20	0	IN_FLIGHT-3-49	IN_FLIGHT-3-41	IN_FLIGHT-3-39	IN_FLIGHT-3-35	IN_FLIGHT-1-32	IN_CHARGE-8	WAIT_CHARGE-BRAVO	WAIT_CHARGE-BRAVO	IN_FLIGHT-4-34	IN_CHARGE-13	IN_FLIGHT-1-33	WAIT_CHARGE-CHARLIE	IN_CHARGE-8	WAIT_CHARGE-CHARLIE	IN_FLIGHT-1-51	IN_FLIGHT-1-36	IN_FLIGHT-1-43	IN_FLIGHT-1-48	IN_FLIGHT-1-44	IN_FLIGHT-1-46	
52	0	4	20	0	IN_FLIGHT-3-50	IN_FLIGHT-3-42	IN_FLIGHT-3-40	IN_FLIGHT-3-36	IN_FLIGHT-1-33	IN_CHARGE-9	WAIT_CHARGE-BRAVO	WAIT_CHARGE-BRAVO	IN_FLIGHT-4-35	IN_CHARGE-14	IN_FLIGHT-1-34	WAIT_CHARGE-CHARLIE	IN_CHARGE-9	WAIT_CHARGE-CHARLIE	IN_FLIGHT-1-52	IN_FLIGHT-1-37	IN_FLIGHT-1-44	IN_FLIGHT-1-49	IN_FLIGHT-1-45	IN_FLIGHT-1-47	
53	0	4	20	0	IN_FLIGHT-3-51	IN_FLIGHT-3-43	IN_FLIGHT-3-41	IN_FLIGHT-3-37	IN_FLIGHT-1-34	IN_CHARGE-10	WAIT_CHARGE-BRAVO	WAIT_CHARGE-BRAVO	IN_FLIGHT-4-36	IN_CHARGE-15	IN_FLIGHT-1-35	WAIT_CHARGE-CHARLIE	IN_CHARGE-10	WAIT_CHARGE-CHARLIE	IN_FLIGHT-1-53	IN_FLIGHT-1-38	IN_FLIGHT-1-45	IN_FLIGHT-1-50	IN_FLIGHT-1-46	IN_FLIGHT-1-48	
54	0	5	20	0	IN_FLIGHT-3-52	IN_FLIGHT-3-44	IN_FLIGHT-3-42	IN_FLIGHT-3-38	IN_FLIGHT-1-35	IN_CHARGE-11	WAIT_CHARGE-BRAVO	WAIT_CHARGE-BRAVO	IN_FLIGHT-4-37	IN_CHARGE-16	IN_FLIGHT-1-36	WAIT_CHARGE-CHARLIE	IN_CHARGE-11	WAIT_CHARGE-CHARLIE	IN_FLIGHT-1-54	IN_FLIGHT-1-39	IN_FLIGHT-1-46	WAIT_CHARGE-ECHO	IN_FLIGHT-1-47	IN_FLIGHT-1-49	
55	0	6	20	0	IN_FLIGHT-3-53	IN_FLIGHT-3-45	IN_FLIGHT-3-43	IN_FLIGHT-3-39	IN_FLIGHT-1-36	IN_CHARGE-12	WAIT_CHARGE-BRAVO	WAIT_CHARGE-BRAVO	IN_FLIGHT-4-38	IN_CHARGE-17	WAIT_CHARGE-CHARLIE	WAIT_CHARGE-CHARLIE	IN_CHARGE-12	WAIT_CHARGE-CHARLIE	IN_FLIGHT-1-55	IN_FLIGHT-1-40	IN_FLIGHT-1-47	WAIT_CHARGE-ECHO	IN_FLIGHT-1-48	IN_FLIGHT-1-50	
56	0	7	19	0	IN_FLIGHT-3-54	IN_FLIGHT-3-46	IN_FLIGHT-3-44	IN_FLIGHT-3-40	IN_FLIGHT-1-37	IN_FLIGHT-1-0	IN_CHARGE-0	WAIT_CHARGE-BRAVO	WAIT_CHARGE-BRAVO	IN_CHARGE-18	WAIT_CHARGE-CHARLIE	WAIT_CHARGE-CHARLIE	IN_CHARGE-13	WAIT_CHARGE-CHARLIE	IN_FLIGHT-1-56	IN_FLIGHT-1-41	IN_FLIGHT-1-48	WAIT_CHARGE-ECHO	IN_FLIGHT-1-49	WAIT_CHARGE-ECHO	
57	0	7	20	0	IN_FLIGHT-3-55	IN_FLIGHT-3-47	IN_FLIGHT-3-45	IN_FLIGHT-3-41	IN_FLIGHT-1-38	IN_FLIGHT-1-1	IN_CHARGE-1	WAIT_CHARGE-BRAVO	WAIT_CHARGE-BRAVO	IN_CHARGE-19	WAIT_CHARGE-CHARLIE	WAIT_CHARGE-CHARLIE	IN_CHARGE-14	WAIT_CHARGE-CHARLIE	IN_FLIGHT-1-57	IN_FLIGHT-1-42	IN_FLIGHT-1-49	WAIT_CHARGE-ECHO	IN_FLIGHT-1-50	WAIT_CHARGE-ECHO	
58	0	8	20	0	IN_FLIGHT-3-56	IN_FLIGHT-3-48	IN_FLIGHT-3-46	IN_FLIGHT-3-42	IN_FLIGHT-1-39	IN_FLIGHT-1-2	IN_CHARGE-2	WAIT_CHARGE-BRAVO	WAIT_CHARGE-BRAVO	IN_CHARGE-20	WAIT_CHARGE-CHARLIE	WAIT_CHARGE-CHARLIE	IN_CHARGE-15	WAIT_CHARGE-CHARLIE	IN_FLIGHT-1-58	IN_FLIGHT-1-43	IN_FLIGHT-1-50	WAIT_CHARGE-ECHO	WAIT_CHARGE-ECHO	WAIT_CHARGE-ECHO	
59	0	9	20	0	IN_FLIGHT-3-57	IN_FLIGHT-3-49	IN_FLIGHT-3-47	IN_FLIGHT-3-43	IN_FLIGHT-1-40	IN_FLIGHT-1-3	IN_CHARGE-3	WAIT_CHARGE-BRAVO	WAIT_CHARGE-BRAVO	IN_CHARGE-21	WAIT_CHARGE-CHARLIE	WAIT_CHARGE-CHARLIE	IN_CHARGE-16	WAIT_CHARGE-CHARLIE	IN_FLIGHT-1-59	IN_FLIGHT-1-44	WAIT_CHARGE-ECHO	WAIT_CHARGE-ECHO	WAIT_CHARGE-ECHO	WAIT_CHARGE-ECHO	
60	0	9	20	0	IN_FLIGHT-3-58	IN_FLIGHT-3-50	IN_FLIGHT-3-48	IN_FLIGHT-3-44	IN_FLIGHT-1-41	IN_FLIGHT-1-4	IN_CHARGE-4	WAIT_CHARGE-BRAVO	WAIT_CHARGE-BRAVO	IN_CHARGE-22	WAIT_CHARGE-CHARLIE	WAIT_CHARGE-CHARLIE	IN_CHARGE-17	WAIT_CHARGE-CHARLIE	IN_FLIGHT-1-60	IN_FLIGHT-1-45	WAIT_CHARGE-ECHO	WAIT_CHARGE-ECHO	WAIT_CHARGE-ECHO	WAIT_CHARGE-ECHO	
61	0	9	20	0	IN_FLIGHT-3-59	IN_FLIGHT-3-51	IN_FLIGHT-3-49	IN_FLIGHT-3-45	IN_FLIGHT-1-42	IN_FLIGHT-1-5	IN_CHARGE-5	WAIT_CHARGE-BRAVO	WAIT_CHARGE-BRAVO	IN_CHARGE-23	WAIT_CHARGE-CHARLIE	WAIT_CHARGE-CHARLIE	IN_CHARGE-18	WAIT_CHARGE-CHARLIE	IN_FLIGHT-1-61	IN_FLIGHT-1-46	WAIT_CHARGE-ECHO	WAIT_CHARGE-ECHO	WAIT_CHARGE-ECHO	WAIT_CHARGE-ECHO	
62	0	9	20	0	IN_FLIGHT-3-60	IN_FLIGHT-3-52	IN_FLIGHT-3-50	IN_FLIGHT-3-46	IN_FLIGHT-1-43	IN_FLIGHT-1-6	IN_CHARGE-6	WAIT_CHARGE-BRAVO	WAIT_CHARGE-BRAVO	IN_CHARGE-24	WAIT_CHARGE-CHARLIE	WAIT_CHARGE-CHARLIE	IN_CHARGE-19	WAIT_CHARGE-CHARLIE	IN_FLIGHT-1-62	IN_FLIGHT-1-47	WAIT_CHARGE-ECHO	WAIT_CHARGE-ECHO	WAIT_CHARGE-ECHO	WAIT_CHARGE-ECHO	
63	0	9	20	0	IN_FLIGHT-3-61	IN_FLIGHT-3-53	IN_FLIGHT-3-51	IN_FLIGHT-3-47	IN_FLIGHT-1-44	IN_FLIGHT-1-7	IN_CHARGE-7	WAIT_CHARGE-BRAVO	WAIT_CHARGE-BRAVO	IN_CHARGE-25	WAIT_CHARGE-CHARLIE	WAIT_CHARGE-CHARLIE	IN_CHARGE-20	WAIT_CHARGE-CHARLIE	IN_FLIGHT-1-63	IN_FLIGHT-1-48	WAIT_CHARGE-ECHO	WAIT_CHARGE-ECHO	WAIT_CHARGE-ECHO	WAIT_CHARGE-ECHO	
64	0	9	20	0	IN_FLIGHT-3-62	IN_FLIGHT-3-54	IN_FLIGHT-3-52	IN_FLIGHT-3-48	IN_FLIGHT-1-45	IN_FLIGHT-1-8	IN_CHARGE-8	WAIT_CHARGE-BRAVO	WAIT_CHARGE-BRAVO	IN_CHARGE-26	WAIT_CHARGE-CHARLIE	WAIT_CHARGE-CHARLIE	IN_CHARGE-21	WAIT_CHARGE-CHARLIE	IN_FLIGHT-1-64	IN_FLIGHT-1-49	WAIT_CHARGE-ECHO	WAIT_CHARGE-ECHO	WAIT_CHARGE-ECHO	WAIT_CHARGE-ECHO	
65	0	9	20	0	IN_FLIGHT-3-63	IN_FLIGHT-3-55	IN_FLIGHT-3-53	IN_FLIGHT-3-49	IN_FLIGHT-1-46	IN_FLIGHT-1-9	IN_CHARGE-9	WAIT_CHARGE-BRAVO	WAIT_CHARGE-BRAVO	IN_CHARGE-27	WAIT_CHARGE-CHARLIE	WAIT_CHARGE-CHARLIE	IN_CHARGE-22	WAIT_CHARGE-CHARLIE	IN_FLIGHT-1-65	IN_FLIGHT-1-50	WAIT_CHARGE-ECHO	WAIT_CHARGE-ECHO	WAIT_CHARGE-ECHO	WAIT_CHARGE-ECHO	
66	0	9	20	0	IN_FLIGHT-3-64	IN_FLIGHT-3-56	IN_FLIGHT-3-54	IN_FLIGHT-3-50	IN_FLIGHT-1-47	IN_FLIGHT-1-10	IN_CHARGE-10	WAIT_CHARGE-BRAVO	WAIT_CHARGE-BRAVO	IN_CHARGE-28	WAIT_CHARGE-CHARLIE	WAIT_CHARGE-CHARLIE	IN_CHARGE-23	WAIT_CHARGE-CHARLIE	IN_FLIGHT-1-66	IN_FLIGHT-1-51	WAIT_CHARGE-ECHO	WAIT_CHARGE-ECHO	WAIT_CHARGE-ECHO	WAIT_CHARGE-ECHO	
67	0	9	20	0	IN_FLIGHT-3-65	IN_FLIGHT-3-57	IN_FLIGHT-3-55	IN_FLIGHT-3-51	IN_FLIGHT-1-48	IN_FLIGHT-1-11	IN_CHARGE-11	WAIT_CHARGE-BRAVO	WAIT_CHARGE-BRAVO	IN_CHARGE-29	WAIT_CHARGE-CHARLIE	WAIT_CHARGE-CHARLIE	IN_CHARGE-24	WAIT_CHARGE-CHARLIE	IN_FLIGHT-1-67	IN_FLIGHT-1-52	WAIT_CHARGE-ECHO	WAIT_CHARGE-ECHO	WAIT_CHARGE-ECHO	WAIT_CHARGE-ECHO	
68	0	9	20	0	IN_FLIGHT-3-66	IN_FLIGHT-3-58	IN_FLIGHT-3-56	IN_FLIGHT-3-52	IN_FLIGHT-1-49	IN_FLIGHT-1-12	IN_CHARGE-12	WAIT_CHARGE-BRAVO	WAIT_CHARGE-BRAVO	IN_CHARGE-30	WAIT_CHARGE-CHARLIE	WAIT_CHARGE-CHARLIE	IN_CHARGE-25	WAIT_CHARGE-CHARLIE	IN_FLIGHT-1-68	IN_FLIGHT-1-53	WAIT_CHARGE-ECHO	WAIT_CHARGE-ECHO	WAIT_CHARGE-ECHO	WAIT_CHARGE-ECHO	
69	0	8	19	0	IN_FLIGHT-3-67	IN_FLIGHT-3-59	IN_FLIGHT-3-57	IN_FLIGHT-3-53	IN_FLIGHT-1-50	IN_FLIGHT-1-13	IN_FLIGHT-4-0	IN_CHARGE-0	WAIT_CHARGE-BRAVO	IN_CHARGE-31	WAIT_CHARGE-CHARLIE	WAIT_CHARGE-CHARLIE	IN_CHARGE-26	WAIT_CHARGE-CHARLIE	IN_FLIGHT-1-69	IN_FLIGHT-1-54	WAIT_CHARGE-ECHO	WAIT_CHARGE-ECHO	WAIT_CHARGE-ECHO	WAIT_CHARGE-ECHO	
70	0	8	20	0	IN_FLIGHT-3-68	IN_FLIGHT-3-60	IN_FLIGHT-3-58	IN_FLIGHT-3-54	IN_FLIGHT-1-51	IN_FLIGHT-1-14	IN_FLIGHT-4-1	IN_CHARGE-1	WAIT_CHARGE-BRAVO	IN_CHARGE-32	WAIT_CHARGE-CHARLIE	WAIT_CHARGE-CHARLIE	IN_CHARGE-27	WAIT_CHARGE-CHARLIE	IN_FLIGHT-1-70	IN_FLIGHT-1-55	WAIT_CHARGE-ECHO	WAIT_CHARGE-ECHO	WAIT_CHARGE-ECHO	WAIT_CHARGE-ECHO	
71	0	8	20	0	IN_FLIGHT-3-69	IN_FLIGHT-3-61	IN_FLIGHT-3-59	IN_FLIGHT-3-55	IN_FLIGHT-1-52	IN_FLIGHT-1-15	IN_FLIGHT-4-2	IN_CHARGE-2	WAIT_CHARGE-BRAVO	IN_CHARGE-33	WAIT_CHARGE-CHARLIE	WAIT_CHARGE-CHARLIE	IN_CHARGE-28	WAIT_CHARGE-CHARLIE	IN_FLIGHT-1-71	IN_FLIGHT-1-56	WAIT_CHARGE-ECHO	WAIT_CHARGE-ECHO	WAIT_CHARGE-ECHO	WAIT_CHARGE-ECHO	
72	0	8	20	0	IN_FLIGHT-3-70	IN_FLIGHT-3-62	IN_FLIGHT-3-60	IN_FLIGHT-3-56	IN_FLIGHT-1-53	IN_FLIGHT-1-16	IN_FLIGHT-4-3	IN_CHARGE-3	WAIT_CHARGE-BRAVO	IN_CHARGE-34	WAIT_CHARGE-CHARLIE	WAIT_CHARGE-CHARLIE	IN_CHARGE-29	WAIT_CHARGE-CHARLIE	IN_FLIGHT-1-72	IN_FLIGHT-1-57	WAIT_CHARGE-ECHO	WAIT_CHARGE-ECHO	WAIT_CHARGE-ECHO	WAIT_CHARGE-ECHO	
73	0	8	20	0	IN_FLIGHT-3-71	IN_FLIGHT-3-63	IN_FLIGHT-3-61	IN_FLIGHT-3-57	IN_FLIGHT-1-54	IN_FLIGHT-1-17	IN_FLIGHT-4-4	IN_CHARGE-4	WAIT_CHARGE-BRAVO	IN_CHARGE-35	WAIT_CHARGE-CHARLIE	WAIT_CHARGE-CHARLIE	IN_CHARGE-30	WAIT_CHARGE-CHARLIE	IN_FLIGHT-1-73	IN_FLIGHT-1-58	WAIT_CHARGE-ECHO	WAIT_CHARGE-ECHO	WAIT_CHARGE-ECHO	WAIT_CHARGE-ECHO	
74	0	8	20	0	IN_FLIGHT-3-72	IN_FLIGHT-3-64	IN_FLIGHT-3-62	IN_FLIGHT-3-58	IN_FLIGHT-1-55	IN_FLIGHT-1-18	IN_FLIGHT-4-5	IN_CHARGE-5	WAIT_CHARGE-BRAVO	IN_CHARGE-36	WAIT_CHARGE-CHARLIE	WAIT_CHARGE-CHARLIE	IN_CHARGE-31	WAIT_CHARGE-CHARLIE	IN_FLIGHT-1-74	IN_FLIGHT-1-59	WAIT_CHARGE-ECHO	WAIT_CHARGE-ECHO	WAIT_CHARGE-ECHO	WAIT_CHARGE-ECHO	
75	0	8	20	0	IN_FLIGHT-3-73	IN_FLIGHT-3-65	IN_FLIGHT-3-63	IN_FLIGHT-3-59	IN_FLIGHT-1-56	IN_FLIGHT-1-19	IN_FLIGHT-4-6	IN_CHARGE-6	WAIT_CHARGE-BRAVO	IN_CHARGE-37	WAIT_CHARGE-CHARLIE	WAIT_CHARGE-CHARLIE	IN_CHARGE-32	WAIT_CHARGE-CHARLIE	IN_FLIGHT-1-75	IN_FLIGHT-1-60	WAIT_CHARGE-ECHO	WAIT_CHARGE-ECHO	WAIT_CHARGE-ECHO	WAIT_CHARGE-ECHO	
76	0	8	20	0	IN_FLIGHT-3-74	IN_FLIGHT-3-66	IN_FLIGHT-3-64	IN_FLIGHT-3-60	IN_FLIGHT-1-57	IN_FLIGHT-1-20	IN_FLIGHT-4-7	IN_CHARGE-7	WAIT_CHARGE-BRAVO	IN_CHARGE-38	WAIT_CHARGE-CHARLIE	WAIT_CHARGE-CHARLIE	IN_CHARGE-33	WAIT_CHARGE-CHARLIE	IN_FLIGHT-1-76	IN_FLIGHT-1-61	WAIT_CHARGE-ECHO	WAIT_CHARGE-ECHO	WAIT_CHARGE-ECHO	WAIT_CHARGE-ECHO	
77	0	8	20	0	IN_FLIGHT-3-75	IN_FLIGHT-3-67	IN_FLIGHT-3-65	IN_FLIGHT-3-61	IN_FLIGHT-1-58	IN_FLIGHT-1-21	IN_FLIGHT-4-8	IN_CHARGE-8	WAIT_CHARGE-BRAVO	IN_CHARGE-39	WAIT_CHARGE-CHARLIE	WAIT_CHARGE-CHARLIE	IN_CHARGE-34	WAIT_CHARGE-CHARLIE	IN_FLIGHT-1-77	IN_FLIGHT-1-62	WAIT_CHARGE-ECHO	WAIT_CHARGE-ECHO	WAIT_CHARGE-ECHO	WAIT_CHARGE-ECHO	
78	0	8	20	0	IN_FLIGHT-3-76	IN_FLIGHT-3-68	IN_FLIGHT-3-66	IN_FLIGHT-3-62	IN_FLIGHT-1-59	IN_FLIGHT-1-22	IN_FLIGHT-4-9	IN_CHARGE-9	WAIT_CHARGE-BRAVO	IN_CHARGE-40	WAIT_CHARGE-CHARLIE	WAIT_CHARGE-CHARLIE	IN_CHARGE-35	WAIT_CHARGE-CHARLIE	IN_FLIGHT-1-78	IN_FLIGHT-1-63	WAIT_CHARGE-ECHO	WAIT_CHARGE-ECHO	WAIT_CHARGE-ECHO	WAIT_CHARGE-ECHO	
79	0	8	20	0	IN_FLIGHT-3-77	IN_FLIGHT-3-69	IN_FLIGHT-3-67	IN_FLIGHT-3-63	IN_FLIGHT-1-60	IN_FLIGHT-1-23	IN_FLIGHT-4-10	IN_CHARGE-10	WAIT_CHARGE-BRAVO	IN_CHARGE-41	WAIT_CHARGE-CHARLIE	WAIT_CHARGE-CHARLIE	IN_CHARGE-36	WAIT_CHARGE-CHARLIE	IN_FLIGHT-1-79	IN_FLIGHT-1-64	WAIT_CHARGE-ECHO	WAIT_CHARGE-ECHO	WAIT_CHARGE-ECHO	WAIT_CHARGE-ECHO	
80	0	8	20	0	IN_FLIGHT-3-78	IN_FLIGHT-3-70	IN_FLIGHT-3-68	IN_FLIGHT-3-64	IN_FLIGHT-1-61	IN_FLIGHT-1-24	IN_FLIGHT-4-11	IN_CHARGE-11	WAIT_CHARGE-BRAVO	IN_CHARGE-42	WAIT_CHARGE-CHARLIE	WAIT_CHARGE-CHARLIE	IN_CHARGE-37	WAIT_CHARGE-CHARLIE	IN_FLIGHT-1-80	IN_FLIGHT-1-65	WAIT_CHARGE-ECHO	WAIT_CHARGE-ECHO	WAIT_CHARGE-ECHO	WAIT_CHARGE-ECHO	
81	0	8	20	0	IN_FLIGHT-3-79	IN_FLIGHT-3-71	IN_FLIGHT-3-69	IN_FLIGHT-3-65	IN_FLIGHT-1-62	IN_FLIGHT-1-25	IN_FLIGHT-4-12	IN_CHARGE-12	WAIT_CHARGE-BRAVO	IN_CHARGE-43	WAIT_CHARGE-CHARLIE	WAIT_CHARGE-CHARLIE	IN_CHARGE-38	WAIT_CHARGE-CHARLIE	IN_FLIGHT-1-81	IN_FLIGHT-1-66	WAIT_CHARGE-ECHO	WAIT_CHARGE-ECHO	WAIT_CHARGE-ECHO	WAIT_CHARGE-ECHO	
82	0	7	19	0	IN_FLIGHT-3-80	IN_FLIGHT-3-72	IN_FLIGHT-3-70	IN_FLIGHT-3-66	IN_FLIGHT-1-63	IN_FLIGHT-1-26	IN_FLIGHT-4-13	IN_FLIGHT-1-0	WAIT_CHARGE-BRAVO	IN_CHARGE-44	WAIT_CHARGE-CHARLIE	WAIT_CHARGE-CHARLIE	IN_CHARGE-39	IN_CHARGE-0	IN_FLIGHT-1-82	IN_FLIGHT-1-67	WAIT_CHARGE-ECHO	WAIT_CHARGE-ECHO	WAIT_CHARGE-ECHO	WAIT_CHARGE-ECHO	
83	0	7	20	0	IN_FLIGHT-3-81	IN_FLIGHT-3-73	IN_FLIGHT-3-71	IN_FLIGHT-3-67	IN_FLIGHT-1-64	IN_FLIGHT-1-27	IN_FLIGHT-4-14	IN_FLIGHT-1-1	WAIT_CHARGE-BRAVO	IN_CHARGE-45	WAIT_CHARGE-CHARLIE	WAIT_CHARGE-CHARLIE	IN_CHARGE-40	IN_CHARGE-1	IN_FLIGHT-1-83	IN_FLIGHT-1-68	WAIT_CHARGE-ECHO	WAIT_CHARGE-ECHO	WAIT_CHARGE-ECHO	WAIT_CHARGE-ECHO	
84	0	7	20	0	IN_FLIGHT-3-82	IN_FLIGHT-3-74	IN_FLIGHT-3-72	IN_FLIGHT-3-68	IN_FLIGHT-1-65	IN_FLIGHT-1-28	IN_FLIGHT-4-15	IN_FLIGHT-1-2	WAIT_CHARGE-BRAVO	IN_CHARGE-46	WAIT_CHARGE-CHARLIE	WAIT_CHARGE-CHARLIE	IN_CHARGE-41	IN_CHARGE-2	IN_FLIGHT-1-84	IN_FLIGHT-1-69	WAIT_CHARGE-ECHO	WAIT_CHARGE-ECHO	WAIT_CHARGE-ECHO	WAIT_CHARGE-ECHO	
85	0	7	20	0	IN_FLIGHT-3-83	IN_FLIGHT-3-75	IN_FLIGHT-3-73	IN_FLIGHT-3-69	IN_FLIGHT-1-66	IN_FLIGHT-1-29	IN_FLIGHT-4-16	IN_FLIGHT-1-3	WAIT_CHARGE-BRAVO	IN_CHARGE-47	WAIT_CHARGE-CHARLIE	WAIT_CHARGE-CHARLIE	IN_CHARGE-42	IN_CHARGE-3	IN_FLIGHT-1-85	IN_FLIGHT-1-70	WAIT_CHARGE-ECHO	WAIT_CHARGE-ECHO	WAIT_CHARGE-ECHO	WAIT_CHARGE-ECHO	
86	0	7	20	0	IN_FLIGHT-3-84	IN_FLIGHT-3-76	IN_FLIGHT-3-74	IN_FLIGHT-3-70	IN_FLIGHT-1-67	IN_FLIGHT-1-30	IN_FLIGHT-4-17	IN_FLIGHT-1-4	WAIT_CHARGE-BRAVO	IN_CHARGE-48	WAIT_CHARGE-CHARLIE	WAIT_CHARGE-CHARLIE	IN_CHARGE-43	IN_CHARGE-4	IN_FLIGHT-1-86	IN_FLIGHT-1-71	WAIT_CHARGE-ECHO	WAIT_CHARGE-ECHO	WAIT_CHARGE-ECHO	WAIT_CHARGE-ECHO	
87	0	6	19	0	IN_FLIGHT-3-85	IN_FLIGHT-3-77	IN_FLIGHT-3-75	IN_FLIGHT-3-71	IN_FLIGHT-1-68	IN_FLIGHT-1-31	IN_FLIGHT-4-18	IN_FLIGHT-1-5	WAIT_CHARGE-BRAVO	IN_FLIGHT-1-0	WAIT_CHARGE-CHARLIE	IN_CHARGE-0	IN_CHARGE-44	IN_CHARGE-5	IN_FLIGHT-1-87	IN_FLIGHT-1-72	WAIT_CHARGE-ECHO	WAIT_CHARGE-ECHO	WAIT_CHARGE-ECHO	WAIT_CHARGE-ECHO	
88	0	6	20	0	IN_FLIGHT-3-86	IN_FLIGHT-3-78	IN_FLIGHT-3-76	IN_FLIGHT-3-72	IN_FLIGHT-1-69	IN_FLIGHT-1-32	IN_FLIGHT-4-19	IN_FLIGHT-1-6	WAIT_CHARGE-BRAVO	IN_FLIGHT-1-1	WAIT_CHARGE-CHARLIE	IN_CHARGE-1	IN_CHARGE-45	IN_CHARGE-6	IN_FLIGHT-1-88	IN_FLIGHT-1-73	WAIT_CHARGE-ECHO	WAIT_CHARGE-ECHO	WAIT_CHARGE-ECHO	WAIT_CHARGE-ECHO	
89	0	6	20	0	IN_FLIGHT-3-87	IN_FLIGHT-3-79	IN_FLIGHT-3-77	IN_FLIGHT-3-73	IN_FLIGHT-1-70	IN_FLIGHT-1-33	IN_FLIGHT-4-20	IN_FLIGHT-1-7	WAIT_CHARGE-BRAVO	IN_FLIGHT-1-2	WAIT_CHARGE-CHARLIE	IN_CHARGE-2	IN_CHARGE-46	IN_CHARGE-7	IN_FLIGHT-1-89	IN_FLIGHT-1-74	WAIT_CHARGE-ECHO	WAIT_CHARGE-ECHO	WAIT_CHARGE-ECHO	WAIT_CHARGE-ECHO	
90	0	6	20	0	IN_FLIGHT-3-88	IN_FLIGHT-3-80	IN_FLIGHT-3-78	IN_FLIGHT-3-74	IN_FLIGHT-1-71	IN_FLIGHT-1-34	IN_FLIGHT-4-21	IN_FLIGHT-1-8	WAIT_CHARGE-BRAVO	IN_FLIGHT-1-3	WAIT_CHARGE-CHARLIE	IN_CHARGE-3	IN_CHARGE-47	IN_CHARGE-8	IN_FLIGHT-1-90	IN_FLIGHT-1-75	WAIT_CHARGE-ECHO	WAIT_CHARGE-ECHO	WAIT_CHARGE-ECHO	WAIT_CHARGE-ECHO	
91	0	6	20	0	IN_FLIGHT-3-89	IN_FLIGHT-3-81	IN_FLIGHT-3-79	IN_FLIGHT-3-75	IN_FLIGHT-1-72	IN_FLIGHT-1-35	IN_FLIGHT-4-22	IN_FLIGHT-1-9	WAIT_CHARGE-BRAVO	IN_FLIGHT-1-4	WAIT_CHARGE-CHARLIE	IN_CHARGE-4	IN_CHARGE-48	IN_CHARGE-9	IN_FLIGHT-1-91	IN_FLIGHT-1-76	WAIT_CHARGE-ECHO	WAIT_CHARGE-ECHO	WAIT_CHARGE-ECHO	WAIT_CHARGE-ECHO	
92	0	5	19	0	IN_FLIGHT-3-90	IN_FLIGHT-3-82	IN_FLIGHT-3-80	IN_FLIGHT-3-76	IN_FLIGHT-1-73	IN_FLIGHT-1-36	IN_FLIGHT-4-23	IN_FLIGHT-1-10	WAIT_CHARGE-BRAVO	IN_FLIGHT-1-5	WAIT_CHARGE-CHARLIE	IN_CHARGE-5	IN_FLIGHT-2-0	IN_CHARGE-10	IN_FLIGHT-1-92	IN_FLIGHT-1-77	WAIT_CHARGE-ECHO	IN_CHARGE-0	WAIT_CHARGE-ECHO	WAIT_CHARGE-ECHO	
93	0	5	20	0	IN_FLIGHT-3-91	IN_FLIGHT-3-83	IN_FLIGHT-3-81	IN_FLIGHT-3-77	IN_FLIGHT-1-74	IN_FLIGHT-1-37	IN_FLIGHT-4-24	IN_FLIGHT-1-11	WAIT_CHARGE-BRAVO	IN_FLIGHT-1-6	WAIT_CHARGE-CHARLIE	IN_CHARGE-6	IN_FLIGHT-2-1	IN_CHARGE-11	IN_FLIGHT-1-93	IN_FLIGHT-1-78	WAIT_CHARGE-ECHO	IN_CHARGE-1	WAIT_CHARGE-ECHO	WAIT_CHARGE-ECHO	
94	0	5	20	0	IN_FLIGHT-3-92	IN_FLIGHT-3-84	IN_FLIGHT-3-82	IN_FLIGHT-3-78	IN_FLIGHT-1-75	IN_FLIGHT-1-38	IN_FLIGHT-4-25	IN_FLIGHT-1-12	WAIT_CHARGE-BRAVO	IN_FLIGHT-1-7	WAIT_CHARGE-CHARLIE	IN_CHARGE-7	IN_FLIGHT-2-2	IN_CHARGE-12	IN_FLIGHT-1-94	IN_FLIGHT-1-79	WAIT_CHARGE-ECHO	IN_CHARGE-2	WAIT_CHARGE-ECHO	WAIT_CHARGE-ECHO	
95	0	6	20	0	IN_FLIGHT-3-93	IN_FLIGHT-3-85	IN_FLIGHT-3-83	IN_FLIGHT-3-79	IN_FLIGHT-1-76	WAIT_CHARGE-BRAVO	IN_FLIGHT-4-26	IN_FLIGHT-1-13	WAIT_CHARGE-BRAVO	IN_FLIGHT-1-8	WAIT_CHARGE-CHARLIE	IN_CHARGE-8	IN_FLIGHT-2-3	IN_CHARGE-13	IN_FLIGHT-1-95	IN_FLIGHT-1-80	WAIT_CHARGE-ECHO	IN_CHARGE-3	WAIT_CHARGE-ECHO	WAIT_CHARGE-ECHO	
96	0	6	20	0	IN_FLIGHT-3-94	IN_FLIGHT-3-86	IN_FLIGHT-3-84	IN_FLIGHT-3-80	IN_FLIGHT-1-77	WAIT_CHARGE-BRAVO	IN_FLIGHT-4-27	IN_FLIGHT-1-14	WAIT_CHARGE-BRAVO	IN_FLIGHT-1-9	WAIT_CHARGE-CHARLIE	IN_CHARGE-9	IN_FLIGHT-2-4	IN_CHARGE-14	IN_FLIGHT-1-96	IN_FLIGHT-1-81	WAIT_CHARGE-ECHO	IN_CHARGE-4	WAIT_CHARGE-ECHO	WAIT_CHARGE-ECHO	
97	0	6	20	0	IN_FLIGHT-3-95	IN_FLIGHT-3-87	IN_FLIGHT-3-85	IN_FLIGHT-3-81	IN_FLIGHT-1-78	WAIT_CHARGE-BRAVO	IN_FLIGHT-4-28	IN_FLIGHT-1-15	WAIT_CHARGE-BRAVO	IN_FLIGHT-1-10	WAIT_CHARGE-CHARLIE	IN_CHARGE-10	IN_FLIGHT-2-5	IN_CHARGE-15	IN_FLIGHT-1-97	IN_FLIGHT-1-82	WAIT_CHARGE-ECHO	IN_CHARGE-5	WAIT_CHARGE-ECHO	WAIT_CHARGE-ECHO	
98	0	6	20	0	IN_FLIGHT-3-96	IN_FLIGHT-3-88	IN_FLIGHT-3-86	IN_FLIGHT-3-82	IN_FLIGHT-1-79	WAIT_CHARGE-BRAVO	IN_FLIGHT-4-29	IN_FLIGHT-1-16	WAIT_CHARGE-BRAVO	IN_FLIGHT-1-11	WAIT_CHARGE-CHARLIE	IN_CHARGE-11	IN_FLIGHT-2-6	IN_CHARGE-16	IN_FLIGHT-1-98	IN_FLIGHT-1-83	WAIT_CHARGE-ECHO	IN_CHARGE-6	WAIT_CHARGE-ECHO	WAIT_CHARGE-ECHO	
99	0	7	20	0	IN_FLIGHT-3-97	IN_FLIGHT-3-89	IN_FLIGHT-3-87	IN_FLIGHT-3-83	IN_FLIGHT-1-80	WAIT_CHARGE-BRAVO	IN_FLIGHT-4-30	IN_FLIGHT-1-17	WAIT_CHARGE-BRAVO	IN_FLIGHT-1-12	WAIT_CHARGE-CHARLIE	IN_CHARGE-12	IN_FLIGHT-2-7	IN_CHARGE-17	WAIT_CHARGE-DELTA	IN_FLIGHT-1-84	WAIT_CHARGE-ECHO	IN_CHARGE-7	WAIT_CHARGE-ECHO	WAIT_CHARGE-ECHO	
100	0	7	20	0	IN_FLIGHT-3-98	IN_FLIGHT-3-90	IN_FLIGHT-3-88	IN_FLIGHT-3-84	IN_FLIGHT-1-81	WAIT_CHARGE-BRAVO	IN_FLIGHT-4-31	IN_FLIGHT-1-18	WAIT_CHARGE-BRAVO	IN_FLIGHT-1-13	WAIT_CHARGE-CHARLIE	IN_CHARGE-13	IN_FLIGHT-2-8	IN_CHARGE-18	WAIT_CHARGE-DELTA	IN_FLIGHT-1-85	WAIT_CHARGE-ECHO	IN_CHARGE-8	WAIT_CHARGE-ECHO	WAIT_CHARGE-ECHO	
101	0	8	20	0	WAIT_CHARGE-ALPHA	IN_FLIGHT-3-91	IN_FLIGHT-3-89	IN_FLIGHT-3-85	IN_FLIGHT-1-82	WAIT_CHARGE-BRAVO	IN_FLIGHT-4-32	IN_FLIGHT-1-19	WAIT_CHARGE-BRAVO	IN_FLIGHT-1-14	WAIT_CHARGE-CHARLIE	IN_CHARGE-14	IN_FLIGHT-2-9	IN_CHARGE-19	WAIT_CHARGE-DELTA	IN_FLIGHT-1-86	WAIT_CHARGE-ECHO	IN_CHARGE-9	WAIT_CHARGE-ECHO	WAIT_CHARGE-ECHO	
102	0	8	20	0	WAIT_CHARGE-ALPHA	IN_FLIGHT-3-92	IN_FLIGHT-3-90	IN_FLIGHT-3-86	IN_FLIGHT-1-83	WAIT_CHARGE-BRAVO	IN_FLIGHT-4-33	IN_FLIGHT-1-20	WAIT_CHARGE-BRAVO	IN_FLIGHT-1-15	WAIT_CHARGE-CHARLIE	IN_CHARGE-15	IN_FLIGHT-2-10	IN_CHARGE-20	WAIT_CHARGE-DELTA	IN_FLIGHT-1-87	WAIT_CHARGE-ECHO	IN_CHARGE-10	WAIT_CHARGE-ECHO	WAIT_CHARGE-ECHO	
103	0	8	20	0	WAIT_CHARGE-ALPHA	IN_FLIGHT-3-93	IN_FLIGHT-3-91	IN_FLIGHT-3-87	IN_FLIGHT-1-84	WAIT_CHARGE-BRAVO	IN_FLIGHT-4-34	IN_FLIGHT-1-21	WAIT_CHARGE-BRAVO	IN_FLIGHT-1-16	WAIT_CHARGE-CHARLIE	IN_CHARGE-16	IN_FLIGHT-2-11	IN_CHARGE-21	WAIT_CHARGE-DELTA	IN_FLIGHT-1-88	WAIT_CHARGE-ECHO	IN_CHARGE-11	WAIT_CHARGE-ECHO	WAIT_CHARGE-ECHO	
104	0	8	20	0	WAIT_CHARGE-ALPHA	IN_FLIGHT-3-94	IN_FLIGHT-3-92	IN_FLIGHT-3-88	IN_FLIGHT-1-85	WAIT_CHARGE-BRAVO	IN_FLIGHT-4-35	IN_FLIGHT-1-22	WAIT_CHARGE-BRAVO	IN_FLIGHT-1-17	WAIT_CHARGE-CHARLIE	IN_CHARGE-17	IN_FLIGHT-2-12	IN_CHARGE-22	WAIT_CHARGE-DELTA	IN_FLIGHT-1-89	WAIT_CHARGE-ECHO	IN_CHARGE-12	WAIT_CHARGE-ECHO	WAIT_CHARGE-ECHO	
105	0	8	20	0	WAIT_CHARGE-ALPHA	IN_FLIGHT-3-95	IN_FLIGHT-3-93	IN_FLIGHT-3-89	IN_FLIGHT-1-86	WAIT_CHARGE-BRAVO	IN_FLIGHT-4-36	IN_FLIGHT-1-23	WAIT_CHARGE-BRAVO	IN_FLIGHT-1-18	WAIT_CHARGE-CHARLIE	IN_CHARGE-18	IN_FLIGHT-2-13	IN_CHARGE-23	WAIT_CHARGE-DELTA	IN_FLIGHT-1-90	WAIT_CHARGE-ECHO	IN_CHARGE-13	WAIT_CHARGE-ECHO	WAIT_CHARGE-ECHO	
106	0	8	20	0	WAIT_CHARGE-ALPHA	IN_FLIGHT-3-96	IN_FLIGHT-3-94	IN_FLIGHT-3-90	IN_FLIGHT-1-87	WAIT_CHARGE-BRAVO	IN_FLIGHT-4-37	IN_FLIGHT-1-24	WAIT_CHARGE-BRAVO	IN_FLIGHT-1-19	WAIT_CHARGE-CHARLIE	IN_CHARGE-19	IN_FLIGHT-2-14	IN_CHARGE-24	WAIT_CHARGE-DELTA	IN_FLIGHT-1-91	WAIT_CHARGE-ECHO	IN_CHARGE-14	WAIT_CHARGE-ECHO	WAIT_CHARGE-ECHO	
107	0	8	20	0	WAIT_CHARGE-ALPHA	IN_FLIGHT-3-97	IN_FLIGHT-3-95	IN_FLIGHT-3-91	IN_FLIGHT-1-88	WAIT_CHARGE-BRAVO	IN_FLIGHT-4-38	IN_FLIGHT-1-25	WAIT_CHARGE-BRAVO	IN_FLIGHT-1-20	WAIT_CHARGE-CHARLIE	IN_CHARGE-20	IN_FLIGHT-2-15	IN_CHARGE-25	WAIT_CHARGE-DELTA	IN_FLIGHT-1-92	WAIT_CHARGE-ECHO	IN_CHARGE-15	WAIT_CHARGE-ECHO	WAIT_CHARGE-ECHO	
108	0	9	20	0	WAIT_CHARGE-ALPHA	IN_FLIGHT-3-98	IN_FLIGHT-3-96	IN_FLIGHT-3-92	IN_FLIGHT-1-89	WAIT_CHARGE-BRAVO	WAIT_CHARGE-BRAVO	IN_FLIGHT-1-26	WAIT_CHARGE-BRAVO	IN_FLIGHT-1-21	WAIT_CHARGE-CHARLIE	IN_CHARGE-21	IN_FLIGHT-2-16	IN_CHARGE-26	WAIT_CHARGE-DELTA	IN_FLIGHT-1-93	WAIT_CHARGE-ECHO	IN_CHARGE-16	WAIT_CHARGE-ECHO	WAIT_CHARGE-ECHO	
109	0	10	20	0	WAIT_CHARGE-ALPHA	WAIT_CHARGE-ALPHA	IN_FLIGHT-3-97	IN_FLIGHT-3-93	IN_FLIGHT-1-90	WAIT_CHARGE-BRAVO	WAIT_CHARGE-BRAVO	IN_FLIGHT-1-27	WAIT_CHARGE-BRAVO	IN_FLIGHT-1-22	WAIT_CHARGE-CHARLIE	IN_CHARGE-22	IN_FLIGHT-2-17	IN_CHARGE-27	WAIT_CHARGE-DELTA	IN_FLIGHT-1-94	WAIT_CHARGE-ECHO	IN_CHARGE-17	WAIT_CHARGE-ECHO	WAIT_CHARGE-ECHO	
110	0	10	20	0	WAIT_CHARGE-ALPHA	WAIT_CHARGE-ALPHA	IN_FLIGHT-3-98	IN_FLIGHT-3-94	IN_FLIGHT-1-91	WAIT_CHARGE-BRAVO	WAIT_CHARGE-BRAVO	IN_FLIGHT-1-28	WAIT_CHARGE-BRAVO	IN_FLIGHT-1-23	WAIT_CHARGE-CHARLIE	IN_CHARGE-23	IN_FLIGHT-2-18	IN_CHARGE-28	WAIT_CHARGE-DELTA	IN_FLIGHT-1-95	WAIT_CHARGE-ECHO	IN_CHARGE-18	WAIT_CHARGE-ECHO	WAIT_CHARGE-ECHO	
111	0	10	19	0	WAIT_CHARGE-ALPHA	WAIT_CHARGE-ALPHA	WAIT_CHARGE-ALPHA	IN_FLIGHT-3-95	IN_FLIGHT-1-92	WAIT_CHARGE-BRAVO	WAIT_CHARGE-BRAVO	IN_FLIGHT-1-29	WAIT_CHARGE-BRAVO	IN_FLIGHT-1-24	IN_CHARGE-0	IN_CHARGE-24	IN_FLIGHT-2-19	IN_CHARGE-29	WAIT_CHARGE-DELTA	IN_FLIGHT-1-96	WAIT_CHARGE-ECHO	IN_FLIGHT-1-0	WAIT_CHARGE-ECHO	WAIT_CHARGE-ECHO	
112	0	10	20	0	WAIT_CHARGE-ALPHA	WAIT_CHARGE-ALPHA	WAIT_CHARGE-ALPHA	IN_FLIGHT-3-96	IN_FLIGHT-1-93	WAIT_CHARGE-BRAVO	WAIT_CHARGE-BRAVO	IN_FLIGHT-1-30	WAIT_CHARGE-BRAVO	IN_FLIGHT-1-25	IN_CHARGE-1	IN_CHARGE-25	IN_FLIGHT-2-20	IN_CHARGE-30	WAIT_CHARGE-DELTA	IN_FLIGHT-1-97	WAIT_CHARGE-ECHO	IN_FLIGHT-1-1	WAIT_CHARGE-ECHO	WAIT_CHARGE-ECHO	
113	0	10	20	0	WAIT_CHARGE-ALPHA	WAIT_CHARGE-ALPHA	WAIT_CHARGE-ALPHA	IN_FLIGHT-3-97	IN_FLIGHT-1-94	WAIT_CHARGE-BRAVO	WAIT_CHARGE-BRAVO	IN_FLIGHT-1-31	WAIT_CHARGE-BRAVO	IN_FLIGHT-1-26	IN_CHARGE-2	IN_CHARGE-26	IN_FLIGHT-2-21	IN_CHARGE-31	WAIT_CHARGE-DELTA	IN_FLIGHT-1-98	WAIT_CHARGE-ECHO	IN_FLIGHT-1-2	WAIT_CHARGE-ECHO	WAIT_CHARGE-ECHO	
114	0	11	20	0	WAIT_CHARGE-ALPHA	WAIT_CHARGE-ALPHA	WAIT_CHARGE-ALPHA	IN_FLIGHT-3-98	IN_FLIGHT-1-95	WAIT_CHARGE-BRAVO	WAIT_CHARGE-BRAVO	IN_FLIGHT-1-32	WAIT_CHARGE-BRAVO	IN_FLIGHT-1-27	IN_CHARGE-3	IN_CHARGE-27	IN_FLIGHT-2-22	IN_CHARGE-32	WAIT_CHARGE-DELTA	WAIT_CHARGE-DELTA	WAIT_CHARGE-ECHO	IN_FLIGHT-1-3	WAIT_CHARGE-ECHO	WAIT_CHARGE-ECHO	
115	0	12	20	0	WAIT_CHARGE-ALPHA	WAIT_CHARGE-ALPHA	WAIT_CHARGE-ALPHA	WAIT_CHARGE-ALPHA	IN_FLIGHT-1-96	WAIT_CHARGE-BRAVO	WAIT_CHARGE-BRAVO	IN_FLIGHT-1-33	WAIT_CHARGE-BRAVO	IN_FLIGHT-1-28	IN_CHARGE-4	IN_CHARGE-28	IN_FLIGHT-2-23	IN_CHARGE-33	WAIT_CHARGE-DELTA	WAIT_CHARGE-DELTA	WAIT_CHARGE-ECHO	IN_FLIGHT-1-4	WAIT_CHARGE-ECHO	WAIT_CHARGE-ECHO	
116	0	12	20	0	WAIT_CHARGE-ALPHA	WAIT_CHARGE-ALPHA	WAIT_CHARGE-ALPHA	WAIT_CHARGE-ALPHA	IN_FLIGHT-1-97	WAIT_CHARGE-BRAVO	WAIT_CHARGE-BRAVO	IN_FLIGHT-1-34	WAIT_CHARGE-BRAVO	IN_FLIGHT-1-29	IN_CHARGE-5	IN_CHARGE-29	IN_FLIGHT-2-24	IN_CHARGE-34	WAIT_CHARGE-DELTA	WAIT_CHARGE-DELTA	WAIT_CHARGE-ECHO	IN_FLIGHT-1-5	WAIT_CHARGE-ECHO	WAIT_CHARGE-ECHO	
117	0	12	20	0	WAIT_CHARGE-ALPHA	WAIT_CHARGE-ALPHA	WAIT_CHARGE-ALPHA	WAIT_CHARGE-ALPHA	IN_FLIGHT-1-98	WAIT_CHARGE-BRAVO	WAIT_CHARGE-BRAVO	IN_FLIGHT-1-35	WAIT_CHARGE-BRAVO	IN_FLIGHT-1-30	IN_CHARGE-6	IN_CHARGE-30	IN_FLIGHT-2-25	IN_CHARGE-35	WAIT_CHARGE-DELTA	WAIT_CHARGE-DELTA	WAIT_CHARGE-ECHO	IN_FLIGHT-1-6	WAIT_CHARGE-ECHO	WAIT_CHARGE-ECHO	
118	0	13	20	0	WAIT_CHARGE-ALPHA	WAIT_CHARGE-ALPHA	WAIT_CHARGE-ALPHA	WAIT_CHARGE-ALPHA	WAIT_CHARGE-ALPHA	WAIT_CHARGE-BRAVO	WAIT_CHARGE-BRAVO	IN_FLIGHT-1-36	WAIT_CHARGE-BRAVO	IN_FLIGHT-1-31	IN_CHARGE-7	IN_CHARGE-31	IN_FLIGHT-2-26	IN_CHARGE-36	WAIT_CHARGE-DELTA	WAIT_CHARGE-DELTA	WAIT_CHARGE-ECHO	IN_FLIGHT-1-7	WAIT_CHARGE-ECHO	WAIT_CHARGE-ECHO	
119	0	13	20	0	WAIT_CHARGE-ALPHA	WAIT_CHARGE-ALPHA	WAIT_CHARGE-ALPHA	WAIT_CHARGE-ALPHA	WAIT_CHARGE-ALPHA	WAIT_CHARGE-BRAVO	WAIT_CHARGE-BRAVO	IN_FLIGHT-1-37	WAIT_CHARGE-BRAVO	IN_FLIGHT-1-32	IN_CHARGE-8	IN_CHARGE-32	IN_FLIGHT-2-27	IN_CHARGE-37	WAIT_CHARGE-DELTA	WAIT_CHARGE-DELTA	WAIT_CHARGE-ECHO	IN_FLIGHT-1-8	WAIT_CHARGE-ECHO	WAIT_CHARGE-ECHO	
120	0	13	20	0	WAIT_CHARGE-ALPHA	WAIT_CHARGE-ALPHA	WAIT_CHARGE-ALPHA	WAIT_CHARGE-ALPHA	WAIT_CHARGE-ALPHA	WAIT_CHARGE-BRAVO	WAIT_CHARGE-BRAVO	IN_FLIGHT-1-38	WAIT_CHARGE-BRAVO	IN_FLIGHT-1-33	IN_CHARGE-9	IN_CHARGE-33	IN_FLIGHT-2-28	IN_CHARGE-38	WAIT_CHARGE-DELTA	WAIT_CHARGE-DELTA	WAIT_CHARGE-ECHO	IN_FLIGHT-1-9	WAIT_CHARGE-ECHO	WAIT_CHARGE-ECHO	
121	0	14	20	0	WAIT_CHARGE-ALPHA	WAIT_CHARGE-ALPHA	WAIT_CHARGE-ALPHA	WAIT_CHARGE-ALPHA	WAIT_CHARGE-ALPHA	WAIT_CHARGE-BRAVO	WAIT_CHARGE-BRAVO	WAIT_CHARGE-BRAVO	WAIT_CHARGE-BRAVO	IN_FLIGHT-1-34	IN_CHARGE-10	IN_CHARGE-34	IN_FLIGHT-2-29	IN_CHARGE-39	WAIT_CHARGE-DELTA	WAIT_CHARGE-DELTA	WAIT_CHARGE-ECHO	IN_FLIGHT-1-10	WAIT_CHARGE-ECHO	WAIT_CHARGE-ECHO	
122	0	14	20	0	WAIT_CHARGE-ALPHA	WAIT_CHARGE-ALPHA	WAIT_CHARGE-ALPHA	WAIT_CHARGE-ALPHA	WAIT_CHARGE-ALPHA	WAIT_CHARGE-BRAVO	WAIT_CHARGE-BRAVO	WAIT_CHARGE-BRAVO	WAIT_CHARGE-BRAVO	IN_FLIGHT-1-35	IN_CHARGE-11	IN_CHARGE-35	IN_FLIGHT-2-30	IN_CHARGE-40	WAIT_CHARGE-DELTA	WAIT_CHARGE-DELTA	WAIT_CHARGE-ECHO	IN_FLIGHT-1-11	WAIT_CHARGE-ECHO	WAIT_CHARGE-ECHO	
123	0	14	20	0	WAIT_CHARGE-ALPHA	WAIT_CHARGE-ALPHA	WAIT_CHARGE-ALPHA	WAIT_CHARGE-ALPHA	WAIT_CHARGE-ALPHA	WAIT_CHARGE-BRAVO	WAIT_CHARGE-BRAVO	WAIT_CHARGE-BRAVO	WAIT_CHARGE-BRAVO	IN_FLIGHT-1-36	IN_CHARGE-12	IN_CHARGE-36	IN_FLIGHT-2-31	IN_CHARGE-41	WAIT_CHARGE-DELTA	WAIT_CHARGE-DELTA	WAIT_CHARGE-ECHO	IN_FLIGHT-1-12	WAIT_CHARGE-ECHO	WAIT_CHARGE-ECHO	
124	0	15	20	0	WAIT_CHARGE-ALPHA	WAIT_CHARGE-ALPHA	WAIT_CHARGE-ALPHA	WAIT_CHARGE-ALPHA	WAIT_CHARGE-ALPHA	WAIT_CHARGE-BRAVO	WAIT_CHARGE-BRAVO	WAIT_CHARGE-BRAVO	WAIT_CHARGE-BRAVO	WAIT_CHARGE-CHARLIE	IN_CHARGE-13	IN_CHARGE-37	IN_FLIGHT-2-32	IN_CHARGE-42	WAIT_CHARGE-DELTA	WAIT_CHARGE-DELTA	WAIT_CHARGE-ECHO	IN_FLIGHT-1-13	WAIT_CHARGE-ECHO	WAIT_CHARGE-ECHO	
125	0	15	20	0	WAIT_CHARGE-ALPHA	WAIT_CHARGE-ALPHA	WAIT_CHARGE-ALPHA	WAIT_CHARGE-ALPHA	WAIT_CHARGE-ALPHA	WAIT_CHARGE-BRAVO	WAIT_CHARGE-BRAVO	WAIT_CHARGE-BRAVO	WAIT_CHARGE-BRAVO	WAIT_CHARGE-CHARLIE	IN_CHARGE-14	IN_CHARGE-38	IN_FLIGHT-2-33	IN_CHARGE-43	WAIT_CHARGE-DELTA	WAIT_CHARGE-DELTA	WAIT_CHARGE-ECHO	IN_FLIGHT-1-14	WAIT_CHARGE-ECHO	WAIT_CHARGE-ECHO	
126	0	15	20	0	WAIT_CHARGE-ALPHA	WAIT_CHARGE-ALPHA	WAIT_CHARGE-ALPHA	WAIT_CHARGE-ALPHA	WAIT_CHARGE-ALPHA	WAIT_CHARGE-BRAVO	WAIT_CHARGE-BRAVO	WAIT_CHARGE-BRAVO	WAIT_CHARGE-BRAVO	WAIT_CHARGE-CHARLIE	IN_CHARGE-15	IN_CHARGE-39	IN_FLIGHT-2-34	IN_CHARGE-44	WAIT_CHARGE-DELTA	WAIT_CHARGE-DELTA	WAIT_CHARGE-ECHO	IN_FLIGHT-1-15	WAIT_CHARGE-ECHO	WAIT_CHARGE-ECHO	
127	0	15	20	0	WAIT_CHARGE-ALPHA	WAIT_CHARGE-ALPHA	WAIT_CHARGE-ALPHA	WAIT_CHARGE-ALPHA	WAIT_CHARGE-ALPHA	WAIT_CHARGE-BRAVO	WAIT_CHARGE-BRAVO	WAIT_CHARGE-BRAVO	WAIT_CHARGE-BRAVO	WAIT_CHARGE-CHARLIE	IN_CHARGE-16	IN_CHARGE-40	IN_FLIGHT-2-35	IN_CHARGE-45	WAIT_CHARGE-DELTA	WAIT_CHARGE-DELTA	WAIT_CHARGE-ECHO	IN_FLIGHT-1-16	WAIT_CHARGE-ECHO	WAIT_CHARGE-ECHO	
128	0	15	20	0	WAIT_CHARGE-ALPHA	WAIT_CHARGE-ALPHA	WAIT_CHARGE-ALPHA	WAIT_CHARGE-ALPHA	WAIT_CHARGE-ALPHA	WAIT_CHARGE-BRAVO	WAIT_CHARGE-BRAVO	WAIT_CHARGE-BRAVO	WAIT_CHARGE-BRAVO	WAIT_CHARGE-CHARLIE	IN_CHARGE-17	IN_CHARGE-41	IN_FLIGHT-2-36	IN_CHARGE-46	WAIT_CHARGE-DELTA	WAIT_CHARGE-DELTA	WAIT_CHARGE-ECHO	IN_FLIGHT-1-17	WAIT_CHARGE-ECHO	WAIT_CHARGE-ECHO	
129	0	16	20	0	WAIT_CHARGE-ALPHA	WAIT_CHARGE-ALPHA	WAIT_CHARGE-ALPHA	WAIT_CHARGE-ALPHA	WAIT_CHARGE-ALPHA	WAIT_CHARGE-BRAVO	WAIT_CHARGE-BRAVO	WAIT_CHARGE-BRAVO	WAIT_CHARGE-BRAVO	WAIT_CHARGE-CHARLIE	IN_CHARGE-18	IN_CHARGE-42	WAIT_CHARGE-CHARLIE	IN_CHARGE-47	WAIT_CHARGE-DELTA	WAIT_CHARGE-DELTA	WAIT_CHARGE-ECHO	IN_FLIGHT-1-18	WAIT_CHARGE-ECHO	WAIT_CHARGE-ECHO	
130	0	16	20	0	WAIT_CHARGE-ALPHA	WAIT_CHARGE-ALPHA	WAIT_CHARGE-ALPHA	WAIT_CHARGE-ALPHA	WAIT_CHARGE-ALPHA	WAIT_CHARGE-BRAVO	WAIT_CHARGE-BRAVO	WAIT_CHARGE-BRAVO	WAIT_CHARGE-BRAVO	WAIT_CHARGE-CHARLIE	IN_CHARGE-19	IN_CHARGE-43	WAIT_CHARGE-CHARLIE	IN_CHARGE-48	WAIT_CHARGE-DELTA	WAIT_CHARGE-DELTA	WAIT_CHARGE-ECHO	IN_FLIGHT-1-19	WAIT_CHARGE-ECHO	WAIT_CHARGE-ECHO	
131	0	15	19	0	WAIT_CHARGE-ALPHA	WAIT_CHARGE-ALPHA	WAIT_CHARGE-ALPHA	WAIT_CHARGE-ALPHA	WAIT_CHARGE-ALPHA	WAIT_CHARGE-BRAVO	WAIT_CHARGE-BRAVO	WAIT_CHARGE-BRAVO	IN_CHARGE-0	WAIT_CHARGE-CHARLIE	IN_CHARGE-20	IN_CHARGE-44	WAIT_CHARGE-CHARLIE	IN_FLIGHT-2-0	WAIT_CHARGE-DELTA	WAIT_CHARGE-DELTA	WAIT_CHARGE-ECHO	IN_FLIGHT-1-20	WAIT_CHARGE-ECHO	WAIT_CHARGE-ECHO	
132	0	15	20	0	WAIT_CHARGE-ALPHA	WAIT_CHARGE-ALPHA	WAIT_CHARGE-ALPHA	WAIT_CHARGE-ALPHA	WAIT_CHARGE-ALPHA	WAIT_CHARGE-BRAVO	WAIT_CHARGE-BRAVO	WAIT_CHARGE-BRAVO	IN_CHARGE-1	WAIT_CHARGE-CHARLIE	IN_CHARGE-21	IN_CHARGE-45	WAIT_CHARGE-CHARLIE	IN_FLIGHT-2-1	WAIT_CHARGE-DELTA	WAIT_CHARGE-DELTA	WAIT_CHARGE-ECHO	IN_FLIGHT-1-21	WAIT_CHARGE-ECHO	WAIT_CHARGE-ECHO	
133	0	15	20	0	WAIT_CHARGE-ALPHA	WAIT_CHARGE-ALPHA	WAIT_CHARGE-ALPHA	WAIT_CHARGE-ALPHA	WAIT_CHARGE-ALPHA	WAIT_CHARGE-BRAVO	WAIT_CHARGE-BRAVO	WAIT_CHARGE-BRAVO	IN_CHARGE-2	WAIT_CHARGE-CHARLIE	IN_CHARGE-22	IN_CHARGE-46	WAIT_CHARGE-CHARLIE	IN_FLIGHT-2-2	WAIT_CHARGE-DELTA	WAIT_CHARGE-DELTA	WAIT_CHARGE-ECHO	IN_FLIGHT-1-22	WAIT_CHARGE-ECHO	WAIT_CHARGE-ECHO	
134	0	15	20	0	WAIT_CHARGE-ALPHA	WAIT_CHARGE-ALPHA	WAIT_CHARGE-ALPHA	WAIT_CHARGE-ALPHA	WAIT_CHARGE-ALPHA	WAIT_CHARGE-BRAVO	WAIT_CHARGE-BRAVO	WAIT_CHARGE-BRAVO	IN_CHARGE-3	WAIT_CHARGE-CHARLIE	IN_CHARGE-23	IN_CHARGE-47	WAIT_CHARGE-CHARLIE	IN_FLIGHT-2-3	WAIT_CHARGE-DELTA	WAIT_CHARGE-DELTA	WAIT_CHARGE-ECHO	IN_FLIGHT-1-23	WAIT_CHARGE-ECHO	WAIT_CHARGE-ECHO	
135	0	15	20	0	WAIT_CHARGE-ALPHA	WAIT_CHARGE-ALPHA	WAIT_CHARGE-ALPHA	WAIT_CHARGE-ALPHA	WAIT_CHARGE-ALPHA	WAIT_CHARGE-BRAVO	WAIT_CHARGE-BRAVO	WAIT_CHARGE-BRAVO	IN_CHARGE-4	WAIT_CHARGE-CHARLIE	IN_CHARGE-24	IN_CHARGE-48	WAIT_CHARGE-CHARLIE	IN_FLIGHT-2-4	WAIT_CHARGE-DELTA	WAIT_CHARGE-DELTA	WAIT_CHARGE-ECHO	IN_FLIGHT-1-24	WAIT_CHARGE-ECHO	WAIT_CHARGE-ECHO	
136	0	14	19	0	WAIT_CHARGE-ALPHA	WAIT_CHARGE-ALPHA	WAIT_CHARGE-ALPHA	WAIT_CHARGE-ALPHA	WAIT_CHARGE-ALPHA	WAIT_CHARGE-BRAVO	WAIT_CHARGE-BRAVO	WAIT_CHARGE-BRAVO	IN_CHARGE-5	WAIT_CHARGE-CHARLIE	IN_CHARGE-25	IN_FLIGHT-2-0	WAIT_CHARGE-CHARLIE	IN_FLIGHT-2-5	WAIT_CHARGE-DELTA	WAIT_CHARGE-DELTA	WAIT_CHARGE-ECHO	IN_FLIGHT-1-25	WAIT_CHARGE-ECHO	IN_CHARGE-0	
137	0	14	20	0	WAIT_CHARGE-ALPHA	WAIT_CHARGE-ALPHA	WAIT_CHARGE-ALPHA	WAIT_CHARGE-ALPHA	WAIT_CHARGE-ALPHA	WAIT_CHARGE-BRAVO	WAIT_CHARGE-BRAVO	WAIT_CHARGE-BRAVO	IN_CHARGE-6	WAIT_CHARGE-CHARLIE	IN_CHARGE-26	IN_FLIGHT-2-1	WAIT_CHARGE-CHARLIE	IN_FLIGHT-2-6	WAIT_CHARGE-DELTA	WAIT_CHARGE-DELTA	WAIT_CHARGE-ECHO	IN_FLIGHT-1-26	WAIT_CHARGE-ECHO	IN_CHARGE-1	
138	0	14	20	0	WAIT_CHARGE-ALPHA	WAIT_CHARGE-ALPHA	WAIT_CHARGE-ALPHA	WAIT_CHARGE-ALPHA	WAIT_CHARGE-ALPHA	WAIT_CHARGE-BRAVO	WAIT_CHARGE-BRAVO	WAIT_CHARGE-BRAVO	IN_CHARGE-7	WAIT_CHARGE-CHARLIE	IN_CHARGE-27	IN_FLIGHT-2-2	WAIT_CHARGE-CHARLIE	IN_FLIGHT-2-7	WAIT_CHARGE-DELTA	WAIT_CHARGE-DELTA	WAIT_CHARGE-ECHO	IN_FLIGHT-1-27	WAIT_CHARGE-ECHO	IN_CHARGE-2	
139	0	14	20	0	WAIT_CHARGE-ALPHA	WAIT_CHARGE-ALPHA	WAIT_CHARGE-ALPHA	WAIT_CHARGE-ALPHA	WAIT_CHARGE-ALPHA	WAIT_CHARGE-BRAVO	WAIT_CHARGE-BRAVO	WAIT_CHARGE-BRAVO	IN_CHARGE-8	WAIT_CHARGE-CHARLIE	IN_CHARGE-28	IN_FLIGHT-2-3	WAIT_CHARGE-CHARLIE	IN_FLIGHT-2-8	WAIT_CHARGE-DELTA	WAIT_CHARGE-DELTA	WAIT_CHARGE-ECHO	IN_FLIGHT-1-28	WAIT_CHARGE-ECHO	IN_CHARGE-3	
140	0	14	20	0	WAIT_CHARGE-ALPHA	WAIT_CHARGE-ALPHA	WAIT_CHARGE-ALPHA	WAIT_CHARGE-ALPHA	WAIT_CHARGE-ALPHA	WAIT_CHARGE-BRAVO	WAIT_CHARGE-BRAVO	WAIT_CHARGE-BRAVO	IN_CHARGE-9	WAIT_CHARGE-CHARLIE	IN_CHARGE-29	IN_FLIGHT-2-4	WAIT_CHARGE-CHARLIE	IN_FLIGHT-2-9	WAIT_CHARGE-DELTA	WAIT_CHARGE-DELTA	WAIT_CHARGE-ECHO	IN_FLIGHT-1-29	WAIT_CHARGE-ECHO	IN_CHARGE-4	
141	0	14	20	0	WAIT_CHARGE-ALPHA	WAIT_CHARGE-ALPHA	WAIT_CHARGE-ALPHA	WAIT_CHARGE-ALPHA	WAIT_CHARGE-ALPHA	WAIT_CHARGE-BRAVO	WAIT_CHARGE-BRAVO	WAIT_CHARGE-BRAVO	IN_CHARGE-10	WAIT_CHARGE-CHARLIE	IN_CHARGE-30	IN_FLIGHT-2-5	WAIT_CHARGE-CHARLIE	IN_FLIGHT-2-10	WAIT_CHARGE-DELTA	WAIT_CHARGE-DELTA	WAIT_CHARGE-ECHO	IN_FLIGHT-1-30	WAIT_CHARGE-ECHO	IN_CHARGE-5	
142	0	14	20	0	WAIT_CHARGE-ALPHA	WAIT_CHARGE-ALPHA	WAIT_CHARGE-ALPHA	WAIT_CHARGE-ALPHA	WAIT_CHARGE-ALPHA	WAIT_CHARGE-BRAVO	WAIT_CHARGE-BRAVO	WAIT_CHARGE-BRAVO	IN_CHARGE-11	WAIT_CHARGE-CHARLIE	IN_CHARGE-31	IN_FLIGHT-2-6	WAIT_CHARGE-CHARLIE	IN_FLIGHT-2-11	WAIT_CHARGE-DELTA	WAIT_CHARGE-DELTA	WAIT_CHARGE-ECHO	IN_FLIGHT-1-31	WAIT_CHARGE-ECHO	IN_CHARGE-6	
143	0	14	20	0	WAIT_CHARGE-ALPHA	WAIT_CHARGE-ALPHA	WAIT_CHARGE-ALPHA	WAIT_CHARGE-ALPHA	WAIT_CHARGE-ALPHA	WAIT_CHARGE-BRAVO	WAIT_CHARGE-BRAVO	WAIT_CHARGE-BRAVO	IN_CHARGE-12	WAIT_CHARGE-CHARLIE	IN_CHARGE-32	IN_FLIGHT-2-7	WAIT_CHARGE-CHARLIE	IN_FLIGHT-2-12	WAIT_CHARGE-DELTA	WAIT_CHARGE-DELTA	WAIT_CHARGE-ECHO	IN_FLIGHT-1-32	WAIT_CHARGE-ECHO	IN_CHARGE-7	
144	0	13	19	0	WAIT_CHARGE-ALPHA	WAIT_CHARGE-ALPHA	WAIT_CHARGE-ALPHA	WAIT_CHARGE-ALPHA	WAIT_CHARGE-ALPHA	WAIT_CHARGE-BRAVO	WAIT_CHARGE-BRAVO	WAIT_CHARGE-BRAVO	IN_FLIGHT-3-0	WAIT_CHARGE-CHARLIE	IN_CHARGE-33	IN_FLIGHT-2-8	WAIT_CHARGE-CHARLIE	IN_FLIGHT-2-13	WAIT_CHARGE-DELTA	WAIT_CHARGE-DELTA	WAIT_CHARGE-ECHO	IN_FLIGHT-1-33	IN_CHARGE-0	IN_CHARGE-8	
145	0	13	20	0	WAIT_CHARGE-ALPHA	WAIT_CHARGE-ALPHA	WAIT_CHARGE-ALPHA	WAIT_CHARGE-ALPHA	WAIT_CHARGE-ALPHA	WAIT_CHARGE-BRAVO	WAIT_CHARGE-BRAVO	WAIT_CHARGE-BRAVO	IN_FLIGHT-3-1	WAIT_CHARGE-CHARLIE	IN_CHARGE-34	IN_FLIGHT-2-9	WAIT_CHARGE-CHARLIE	IN_FLIGHT-2-14	WAIT_CHARGE-DELTA	WAIT_CHARGE-DELTA	WAIT_CHARGE-ECHO	IN_FLIGHT-1-34	IN_CHARGE-1	IN_CHARGE-9	
146	0	13	20	0	WAIT_CHARGE-ALPHA	WAIT_CHARGE-ALPHA	WAIT_CHARGE-ALPHA	WAIT_CHARGE-ALPHA	WAIT_CHARGE-ALPHA	WAIT_CHARGE-BRAVO	WAIT_CHARGE-BRAVO	WAIT_CHARGE-BRAVO	IN_FLIGHT-3-2	WAIT_CHARGE-CHARLIE	IN_CHARGE-35	IN_FLIGHT-2-10	WAIT_CHARGE-CHARLIE	IN_FLIGHT-2-15	WAIT_CHARGE-DELTA	WAIT_CHARGE-DELTA	WAIT_CHARGE-ECHO	IN_FLIGHT-1-35	IN_CHARGE-2	IN_CHARGE-10	
147	0	13	20	0	WAIT_CHARGE-ALPHA	WAIT_CHARGE-ALPHA	WAIT_CHARGE-ALPHA	WAIT_CHARGE-ALPHA	WAIT_CHARGE-ALPHA	WAIT_CHARGE-BRAVO	WAIT_CHARGE-BRAVO	WAIT_CHARGE-BRAVO	IN_FLIGHT-3-3	WAIT_CHARGE-CHARLIE	IN_CHARGE-36	IN_FLIGHT-2-11	WAIT_CHARGE-CHARLIE	IN_FLIGHT-2-16	WAIT_CHARGE-DELTA	WAIT_CHARGE-DELTA	WAIT_CHARGE-ECHO	IN_FLIGHT-1-36	IN_CHARGE-3	IN_CHARGE-11	
148	0	13	20	0	WAIT_CHARGE-ALPHA	WAIT_CHARGE-ALPHA	WAIT_CHARGE-ALPHA	WAIT_CHARGE-ALPHA	WAIT_CHARGE-ALPHA	WAIT_CHARGE-BRAVO	WAIT_CHARGE-BRAVO	WAIT_CHARGE-BRAVO	IN_FLIGHT-3-4	WAIT_CHARGE-CHARLIE	IN_CHARGE-37	IN_FLIGHT-2-12	WAIT_CHARGE-CHARLIE	IN_FLIGHT-2-17	WAIT_CHARGE-DELTA	WAIT_CHARGE-DELTA	WAIT_CHARGE-ECHO	IN_FLIGHT-1-37	IN_CHARGE-4	IN_CHARGE-12	
149	0	13	20	0	WAIT_CHARGE-ALPHA	WAIT_CHARGE-ALPHA	WAIT_CHARGE-ALPHA	WAIT_CHARGE-ALPHA	WAIT_CHARGE-ALPHA	WAIT_CHARGE-BRAVO	WAIT_CHARGE-BRAVO	WAIT_CHARGE-BRAVO	IN_FLIGHT-3-5	WAIT_CHARGE-CHARLIE	IN_CHARGE-38	IN_FLIGHT-2-13	WAIT_CHARGE-CHARLIE	IN_FLIGHT-2-18	WAIT_CHARGE-DELTA	WAIT_CHARGE-DELTA	WAIT_CHARGE-ECHO	IN_FLIGHT-1-38	IN_CHARGE-5	IN_CHARGE-13	
150	0	13	20	0	WAIT_CHARGE-ALPHA	WAIT_CHARGE-ALPHA	WAIT_CHARGE-ALPHA	WAIT_CHARGE-ALPHA	WAIT_CHARGE-ALPHA	WAIT_CHARGE-BRAVO	WAIT_CHARGE-BRAVO	WAIT_CHARGE-BRAVO	IN_FLIGHT-3-6	WAIT_CHARGE-CHARLIE	IN_CHARGE-39	IN_FLIGHT-2-14	WAIT_CHARGE-CHARLIE	IN_FLIGHT-2-19	WAIT_CHARGE-DELTA	WAIT_CHARGE-DELTA	WAIT_CHARGE-ECHO	IN_FLIGHT-1-39	IN_CHARGE-6	IN_CHARGE-14	
151	0	13	20	0	WAIT_CHARGE-ALPHA	WAIT_CHARGE-ALPHA	WAIT_CHARGE-ALPHA	WAIT_CHARGE-ALPHA	WAIT_CHARGE-ALPHA	WAIT_CHARGE-BRAVO	WAIT_CHARGE-BRAVO	WAIT_CHARGE-BRAVO	IN_FLIGHT-3-7	WAIT_CHARGE-CHARLIE	IN_CHARGE-40	IN_FLIGHT-2-15	WAIT_CHARGE-CHARLIE	IN_FLIGHT-2-20	WAIT_CHARGE-DELTA	WAIT_CHARGE-DELTA	WAIT_CHARGE-ECHO	IN_FLIGHT-1-40	IN_CHARGE-7	IN_CHARGE-15	
152	0	13	20	0	WAIT_CHARGE-ALPHA	WAIT_CHARGE-ALPHA	WAIT_CHARGE-ALPHA	WAIT_CHARGE-ALPHA	WAIT_CHARGE-ALPHA	WAIT_CHARGE-BRAVO	WAIT_CHARGE-BRAVO	WAIT_CHARGE-BRAVO	IN_FLIGHT-3-8	WAIT_CHARGE-CHARLIE	IN_CHARGE-41	IN_FLIGHT-2-16	WAIT_CHARGE-CHARLIE	IN_FLIGHT-2-21	WAIT_CHARGE-DELTA	WAIT_CHARGE-DELTA	WAIT_CHARGE-ECHO	IN_FLIGHT-1-41	IN_CHARGE-8	IN_CHARGE-16	
153	0	13	20	0	WAIT_CHARGE-ALPHA	WAIT_CHARGE-ALPHA	WAIT_CHARGE-ALPHA	WAIT_CHARGE-ALPHA	WAIT_CHARGE-ALPHA	WAIT_CHARGE-BRAVO	WAIT_CHARGE-BRAVO	WAIT_CHARGE-BRAVO	IN_FLIGHT-3-9	WAIT_CHARGE-CHARLIE	IN_CHARGE-42	IN_FLIGHT-2-17	WAIT_CHARGE-CHARLIE	IN_FLIGHT-2-22	WAIT_CHARGE-DELTA	WAIT_CHARGE-DELTA	WAIT_CHARGE-ECHO	IN_FLIGHT-1-42	IN_CHARGE-9	IN_CHARGE-17	
154	0	13	20	0	WAIT_CHARGE-ALPHA	WAIT_CHARGE-ALPHA	WAIT_CHARGE-ALPHA	WAIT_CHARGE-ALPHA	WAIT_CHARGE-ALPHA	WAIT_CHARGE-BRAVO	WAIT_CHARGE-BRAVO	WAIT_CHARGE-BRAVO	IN_FLIGHT-3-10	WAIT_CHARGE-CHARLIE	IN_CHARGE-43	IN_FLIGHT-2-18	WAIT_CHARGE-CHARLIE	IN_FLIGHT-2-23	WAIT_CHARGE-DELTA	WAIT_CHARGE-DELTA	WAIT_CHARGE-ECHO	IN_FLIGHT-1-43	IN_CHARGE-10	IN_CHARGE-18	
155	0	12	19	0	WAIT_CHARGE-ALPHA	WAIT_CHARGE-ALPHA	WAIT_CHARGE-ALPHA	WAIT_CHARGE-ALPHA	WAIT_CHARGE-ALPHA	WAIT_CHARGE-BRAVO	WAIT_CHARGE-BRAVO	WAIT_CHARGE-BRAVO	IN_FLIGHT-3-11	WAIT_CHARGE-CHARLIE	IN_CHARGE-44	IN_FLIGHT-2-19	WAIT_CHARGE-CHARLIE	IN_FLIGHT-2-24	WAIT_CHARGE-DELTA	WAIT_CHARGE-DELTA	IN_CHARGE-0	IN_FLIGHT-1-44	IN_CHARGE-11	IN_FLIGHT-1-0	
156	0	12	20	0	WAIT_CHARGE-ALPHA	WAIT_CHARGE-ALPHA	WAIT_CHARGE-ALPHA	WAIT_CHARGE-ALPHA	WAIT_CHARGE-ALPHA	WAIT_CHARGE-BRAVO	WAIT_CHARGE-BRAVO	WAIT_CHARGE-BRAVO	IN_FLIGHT-3-12	WAIT_CHARGE-CHARLIE	IN_CHARGE-45	IN_FLIGHT-2-20	WAIT_CHARGE-CHARLIE	IN_FLIGHT-2-25	WAIT_CHARGE-DELTA	WAIT_CHARGE-DELTA	IN_CHARGE-1	IN_FLIGHT-1-45	IN_CHARGE-12	IN_FLIGHT-1-1	
157	0	12	20	0	WAIT_CHARGE-ALPHA	WAIT_CHARGE-ALPHA	WAIT_CHARGE-ALPHA	WAIT_CHARGE-ALPHA	WAIT_CHARGE-ALPHA	WAIT_CHARGE-BRAVO	WAIT_CHARGE-BRAVO	WAIT_CHARGE-BRAVO	IN_FLIGHT-3-13	WAIT_CHARGE-CHARLIE	IN_CHARGE-46	IN_FLIGHT-2-21	WAIT_CHARGE-CHARLIE	IN_FLIGHT-2-26	WAIT_CHARGE-DELTA	WAIT_CHARGE-DELTA	IN_CHARGE-2	IN_FLIGHT-1-46	IN_CHARGE-13	IN_FLIGHT-1-2	
158	0	12	20	0	WAIT_CHARGE-ALPHA	WAIT_CHARGE-ALPHA	WAIT_CHARGE-ALPHA	WAIT_CHARGE-ALPHA	WAIT_CHARGE-ALPHA	WAIT_CHARGE-BRAVO	WAIT_CHARGE-BRAVO	WAIT_CHARGE-BRAVO	IN_FLIGHT-3-14	WAIT_CHARGE-CHARLIE	IN_CHARGE-47	IN_FLIGHT-2-22	WAIT_CHARGE-CHARLIE	IN_FLIGHT-2-27	WAIT_CHARGE-DELTA	WAIT_CHARGE-DELTA	IN_CHARGE-3	IN_FLIGHT-1-47	IN_CHARGE-14	IN_FLIGHT-1-3	
159	0	12	20	0	WAIT_CHARGE-ALPHA	WAIT_CHARGE-ALPHA	WAIT_CHARGE-ALPHA	WAIT_CHARGE-ALPHA	WAIT_CHARGE-ALPHA	WAIT_CHARGE-BRAVO	WAIT_CHARGE-BRAVO	WAIT_CHARGE-BRAVO	IN_FLIGHT-3-15	WAIT_CHARGE-CHARLIE	IN_CHARGE-48	IN_FLIGHT-2-23	WAIT_CHARGE-CHARLIE	IN_FLIGHT-2-28	WAIT_CHARGE-DELTA	WAIT_CHARGE-DELTA	IN_CHARGE-4	IN_FLIGHT-1-48	IN_CHARGE-15	IN_FLIGHT-1-4	
160	0	11	19	0	WAIT_CHARGE-ALPHA	WAIT_CHARGE-ALPHA	WAIT_CHARGE-ALPHA	WAIT_CHARGE-ALPHA	WAIT_CHARGE-ALPHA	IN_CHARGE-0	WAIT_CHARGE-BRAVO	WAIT_CHARGE-BRAVO	IN_FLIGHT-3-16	WAIT_CHARGE-CHARLIE	IN_FLIGHT-1-0	IN_FLIGHT-2-24	WAIT_CHARGE-CHARLIE	IN_FLIGHT-2-29	WAIT_CHARGE-DELTA	WAIT_CHARGE-DELTA	IN_CHARGE-5	IN_FLIGHT-1-49	IN_CHARGE-16	IN_FLIGHT-1-5	
161	0	11	20	0	WAIT_CHARGE-ALPHA	WAIT_CHARGE-ALPHA	WAIT_CHARGE-ALPHA	WAIT_CHARGE-ALPHA	WAIT_CHARGE-ALPHA	IN_CHARGE-1	WAIT_CHARGE-BRAVO	WAIT_CHARGE-BRAVO	IN_FLIGHT-3-17	WAIT_CHARGE-CHARLIE	IN_FLIGHT-1-1	IN_FLIGHT-2-25	WAIT_CHARGE-CHARLIE	IN_FLIGHT-2-30	WAIT_CHARGE-DELTA	WAIT_CHARGE-DELTA	IN_CHARGE-6	IN_FLIGHT-1-50	IN_CHARGE-17	IN_FLIGHT-1-6	
162	0	12	20	0	WAIT_CHARGE-ALPHA	WAIT_CHARGE-ALPHA	WAIT_CHARGE-ALPHA	WAIT_CHARGE-ALPHA	WAIT_CHARGE-ALPHA	IN_CHARGE-2	WAIT_CHARGE-BRAVO	WAIT_CHARGE-BRAVO	IN_FLIGHT-3-18	WAIT_CHARGE-CHARLIE	IN_FLIGHT-1-2	IN_FLIGHT-2-26	WAIT_CHARGE-CHARLIE	IN_FLIGHT-2-31	WAIT_CHARGE-DELTA	WAIT_CHARGE-DELTA	IN_CHARGE-7	WAIT_CHARGE-ECHO	IN_CHARGE-18	IN_FLIGHT-1-7	
163	0	11	19	0	WAIT_CHARGE-ALPHA	WAIT_CHARGE-ALPHA	WAIT_CHARGE-ALPHA	WAIT_CHARGE-ALPHA	WAIT_CHARGE-ALPHA	IN_CHARGE-3	WAIT_CHARGE-BRAVO	WAIT_CHARGE-BRAVO	IN_FLIGHT-3-19	WAIT_CHARGE-CHARLIE	IN_FLIGHT-1-3	IN_FLIGHT-2-27	WAIT_CHARGE-CHARLIE	IN_FLIGHT-2-32	IN_CHARGE-0	WAIT_CHARGE-DELTA	IN_CHARGE-8	WAIT_CHARGE-ECHO	IN_FLIGHT-1-0	IN_FLIGHT-1-8	
164	0	11	20	0	WAIT_CHARGE-ALPHA	WAIT_CHARGE-ALPHA	WAIT_CHARGE-ALPHA	WAIT_CHARGE-ALPHA	WAIT_CHARGE-ALPHA	IN_CHARGE-4	WAIT_CHARGE-BRAVO	WAIT_CHARGE-BRAVO	IN_FLIGHT-3-20	WAIT_CHARGE-CHARLIE	IN_FLIGHT-1-4	IN_FLIGHT-2-28	WAIT_CHARGE-CHARLIE	IN_FLIGHT-2-33	IN_CHARGE-1	WAIT_CHARGE-DELTA	IN_CHARGE-9	WAIT_CHARGE-ECHO	IN_FLIGHT-1-1	IN_FLIGHT-1-9	
165	0	11	20	0	WAIT_CHARGE-ALPHA	WAIT_CHARGE-ALPHA	WAIT_CHARGE-ALPHA	WAIT_CHARGE-ALPHA	WAIT_CHARGE-ALPHA	IN_CHARGE-5	WAIT_CHARGE-BRAVO	WAIT_CHARGE-BRAVO	IN_FLIGHT-3-21	WAIT_CHARGE-CHARLIE	IN_FLIGHT-1-5	IN_FLIGHT-2-29	WAIT_CHARGE-CHARLIE	IN_FLIGHT-2-34	IN_CHARGE-2	WAIT_CHARGE-DELTA	IN_CHARGE-10	WAIT_CHARGE-ECHO	IN_FLIGHT-1-2	IN_FLIGHT-1-10	
166	0	11	20	0	WAIT_CHARGE-ALPHA	WAIT_CHARGE-ALPHA	WAIT_CHARGE-ALPHA	WAIT_CHARGE-ALPHA	WAIT_CHARGE-ALPHA	IN_CHARGE-6	WAIT_CHARGE-BRAVO	WAIT_CHARGE-BRAVO	IN_FLIGHT-3-22	WAIT_CHARGE-CHARLIE	IN_FLIGHT-1-6	IN_FLIGHT-2-30	WAIT_CHARGE-CHARLIE	IN_FLIGHT-2-35	IN_CHARGE-3	WAIT_CHARGE-DELTA	IN_CHARGE-11	WAIT_CHARGE-ECHO	IN_FLIGHT-1-3	IN_FLIGHT-1-11	
167	0	11	20	0	WAIT_CHARGE-ALPHA	WAIT_CHARGE-ALPHA	WAIT_CHARGE-ALPHA	WAIT_CHARGE-ALPHA	WAIT_CHARGE-ALPHA	IN_CHARGE-7	WAIT_CHARGE-BRAVO	WAIT_CHARGE-BRAVO	IN_FLIGHT-3-23	WAIT_CHARGE-CHARLIE	IN_FLIGHT-1-7	IN_FLIGHT-2-31	WAIT_CHARGE-CHARLIE	IN_FLIGHT-2-36	IN_CHARGE-4	WAIT_CHARGE-DELTA	IN_CHARGE-12	WAIT_CHARGE-ECHO	IN_FLIGHT-1-4	IN_FLIGHT-1-12	
168	0	12	20	0	WAIT_CHARGE-ALPHA	WAIT_CHARGE-ALPHA	WAIT_CHARGE-ALPHA	WAIT_CHARGE-ALPHA	WAIT_CHARGE-ALPHA	IN_CHARGE-8	WAIT_CHARGE-BRAVO	WAIT_CHARGE-BRAVO	IN_FLIGHT-3-24	WAIT_CHARGE-CHARLIE	IN_FLIGHT-1-8	IN_FLIGHT-2-32	WAIT_CHARGE-CHARLIE	WAIT_CHARGE-CHARLIE	IN_CHARGE-5	WAIT_CHARGE-DELTA	IN_CHARGE-13	WAIT_CHARGE-ECHO	IN_FLIGHT-1-5	IN_FLIGHT-1-13	
169	0	12	20	0	WAIT_CHARGE-ALPHA	WAIT_CHARGE-ALPHA	WAIT_CHARGE-ALPHA	WAIT_CHARGE-ALPHA	WAIT_CHARGE-ALPHA	IN_CHARGE-9	WAIT_CHARGE-BRAVO	WAIT_CHARGE-BRAVO	IN_FLIGHT-3-25	WAIT_CHARGE-CHARLIE	IN_FLIGHT-1-9	IN_FLIGHT-2-33	WAIT_CHARGE-CHARLIE	WAIT_CHARGE-CHARLIE	IN_CHARGE-6	WAIT_CHARGE-DELTA	IN_CHARGE-14	WAIT_CHARGE-ECHO	IN_FLIGHT-1-6	IN_FLIGHT-1-14	
170	0	12	20	0	WAIT_CHARGE-ALPHA	WAIT_CHARGE-ALPHA	WAIT_CHARGE-ALPHA	WAIT_CHARGE-ALPHA	WAIT_CHARGE-ALPHA	IN_CHARGE-10	WAIT_CHARGE-BRAVO	WAIT_CHARGE-BRAVO	IN_FLIGHT-3-26	WAIT_CHARGE-CHARLIE	IN_FLIGHT-1-10	IN_FLIGHT-2-34	WAIT_CHARGE-CHARLIE	WAIT_CHARGE-CHARLIE	IN_CHARGE-7	WAIT_CHARGE-DELTA	IN_CHARGE-15	WAIT_CHARGE-ECHO	IN_FLIGHT-1-7	IN_FLIGHT-1-15	
171	0	12	20	0	WAIT_CHARGE-ALPHA	WAIT_CHARGE-ALPHA	WAIT_CHARGE-ALPHA	WAIT_CHARGE-ALPHA	WAIT_CHARGE-ALPHA	IN_CHARGE-11	WAIT_CHARGE-BRAVO	WAIT_CHARGE-BRAVO	IN_FLIGHT-3-27	WAIT_CHARGE-CHARLIE	IN_FLIGHT-1-11	IN_FLIGHT-2-35	WAIT_CHARGE-CHARLIE	WAIT_CHARGE-CHARLIE	IN_CHARGE-8	WAIT_CHARGE-DELTA	IN_CHARGE-16	WAIT_CHARGE-ECHO	IN_FLIGHT-1-8	IN_FLIGHT-1-16	
172	0	12	20	0	WAIT_CHARGE-ALPHA	WAIT_CHARGE-ALPHA	WAIT_CHARGE-ALPHA	WAIT_CHARGE-ALPHA	WAIT_CHARGE-ALPHA	IN_CHARGE-12	WAIT_CHARGE-BRAVO	WAIT_CHARGE-BRAVO	IN_FLIGHT-3-28	WAIT_CHARGE-CHARLIE	IN_FLIGHT-1-12	IN_FLIGHT-2-36	WAIT_CHARGE-CHARLIE	WAIT_CHARGE-CHARLIE	IN_CHARGE-9	WAIT_CHARGE-DELTA	IN_CHARGE-17	WAIT_CHARGE-ECHO	IN_FLIGHT-1-9	IN_FLIGHT-1-17	
173	0	12	19	0	IN_CHARGE-0	WAIT_CHARGE-ALPHA	WAIT_CHARGE-ALPHA	WAIT_CHARGE-ALPHA	WAIT_CHARGE-ALPHA	IN_FLIGHT-4-0	WAIT_CHARGE-BRAVO	WAIT_CHARGE-BRAVO	IN_FLIGHT-3-29	WAIT_CHARGE-CHARLIE	IN_FLIGHT-1-13	WAIT_CHARGE-CHARLIE	WAIT_CHARGE-CHARLIE	WAIT_CHARGE-CHARLIE	IN_CHARGE-10	WAIT_CHARGE-DELTA	IN_CHARGE-18	WAIT_CHARGE-ECHO	IN_FLIGHT-1-10	IN_FLIGHT-1-18	
174	0	11	19	0	IN_CHARGE-1	WAIT_CHARGE-ALPHA	WAIT_CHARGE-ALPHA	WAIT_CHARGE-ALPHA	WAIT_CHARGE-ALPHA	IN_FLIGHT-4-1	IN_CHARGE-0	WAIT_CHARGE-BRAVO	IN_FLIGHT-3-30	WAIT_CHARGE-CHARLIE	IN_FLIGHT-1-14	WAIT_CHARGE-CHARLIE	WAIT_CHARGE-CHARLIE	WAIT_CHARGE-CHARLIE	IN_CHARGE-11	WAIT_CHARGE-DELTA	IN_FLIGHT-1-0	WAIT_CHARGE-ECHO	IN_FLIGHT-1-11	IN_FLIGHT-1-19	
175	0	11	20	0	IN_CHARGE-2	WAIT_CHARGE-ALPHA	WAIT_CHARGE-ALPHA	WAIT_CHARGE-ALPHA	WAIT_CHARGE-ALPHA	IN_FLIGHT-4-2	IN_CHARGE-1	WAIT_CHARGE-BRAVO	IN_FLIGHT-3-31	WAIT_CHARGE-CHARLIE	IN_FLIGHT-1-15	WAIT_CHARGE-CHARLIE	WAIT_CHARGE-CHARLIE	WAIT_CHARGE-CHARLIE	IN_CHARGE-12	WAIT_CHARGE-DELTA	IN_FLIGHT-1-1	WAIT_CHARGE-ECHO	IN_FLIGHT-1-12	IN_FLIGHT-1-20	
176	0	11	20	0	IN_CHARGE-3	WAIT_CHARGE-ALPHA	WAIT_CHARGE-ALPHA	WAIT_CHARGE-ALPHA	WAIT_CHARGE-ALPHA	IN_FLIGHT-4-3	IN_CHARGE-2	WAIT_CHARGE-BRAVO	IN_FLIGHT-3-32	WAIT_CHARGE-CHARLIE	IN_FLIGHT-1-16	WAIT_CHARGE-CHARLIE	WAIT_CHARGE-CHARLIE	WAIT_CHARGE-CHARLIE	IN_CHARGE-13	WAIT_CHARGE-DELTA	IN_FLIGHT-1-2	WAIT_CHARGE-ECHO	IN_FLIGHT-1-13	IN_FLIGHT-1-21	
177	0	11	20	0	IN_CHARGE-4	WAIT_CHARGE-ALPHA	WAIT_CHARGE-ALPHA	WAIT_CHARGE-ALPHA	WAIT_CHARGE-ALPHA	IN_FLIGHT-4-4	IN_CHARGE-3	WAIT_CHARGE-BRAVO	IN_FLIGHT-3-33	WAIT_CHARGE-CHARLIE	IN_FLIGHT-1-17	WAIT_CHARGE-CHARLIE	WAIT_CHARGE-CHARLIE	WAIT_CHARGE-CHARLIE	IN_CHARGE-14	WAIT_CHARGE-DELTA	IN_FLIGHT-1-3	WAIT_CHARGE-ECHO	IN_FLIGHT-1-14	IN_FLIGHT-1-22	
178	0	11	20	0	IN_CHARGE-5	WAIT_CHARGE-ALPHA	WAIT_CHARGE-ALPHA	WAIT_CHARGE-ALPHA	WAIT_CHARGE-ALPHA	IN_FLIGHT-4-5	IN_CHARGE-4	WAIT_CHARGE-BRAVO	IN_FLIGHT-3-34	WAIT_CHARGE-CHARLIE	IN_FLIGHT-1-18	WAIT_CHARGE-CHARLIE	WAIT_CHARGE-CHARLIE	WAIT_CHARGE-CHARLIE	IN_CHARGE-15	WAIT_CHARGE-DELTA	IN_FLIGHT-1-4	WAIT_CHARGE-ECHO	IN_FLIGHT-1-15	IN_FLIGHT-1-23	
179	0	11	20	0	IN_CHARGE-6	WAIT_CHARGE-ALPHA	WAIT_CHARGE-ALPHA	WAIT_CHARGE-ALPHA	WAIT_CHARGE-ALPHA	IN_FLIGHT-4-6	IN_CHARGE-5	WAIT_CHARGE-BRAVO	IN_FLIGHT-3-35	WAIT_CHARGE-CHARLIE	IN_FLIGHT-1-19	WAIT_CHARGE-CHARLIE	WAIT_CHARGE-CHARLIE	WAIT_CHARGE-CHARLIE	IN_CHARGE-16	WAIT_CHARGE-DELTA	IN_FLIGHT-1-5	WAIT_CHARGE-ECHO	IN_FLIGHT-1-16	IN_FLIGHT-1-24	
